CAST,VAL,VIA_V,VIA_C,VAL_L
ALAM/ REINA SOFIA,ALBEREDA REINA SOFIA,ALAM,ALM,ALBEREDA REINA SOFÍA
AV/ AL VEDAT,AV/ AL VEDAT,AV/,AV/,AV/ AL VEDAT
AV/ BARCELONA'92,AV/ BARCELONA-92,AV/,AV/,AV/ BARCELONA-92
AV/ MAR MEDITERRANI,AV/ MAR MEDITERRANI,AV/,AV/,AV/ MAR MEDITERRANI
AV/ MARXADELLA, LA,AV/ MARJADELLA,AV/,AV/,AV/ MARJADELLA
AV/ OLIMPICA,AV/ OLIMPICA,AV/,AV/,AV/ OLÍMPICA
AV/ PADRE PRUDENCIO,AV/ PARE PRUDENCIO,AV/,AV/,AV/ PARE PRUDENCIO
AV/ PEREZ GALDOS,AV/ PEREZ GALDOS,AV/,AV/,AV/ PÉREZ GALDÓS
AV/ REY DON JUAN CARLOS I,AV/ REI JOAN CARLES I,AV/,AV/,AV/ REI JOAN CARLES I
AV/ SAN LORENZO,AV/ SANT LLORENÇ,AV/,AV/,AV/ SANT LLORENÇ
AV/ SANTA APOLONIA,AV/ SANTA APOL ·LONIA.,AV/,AV/,AV/ SANTA APOL ·LÒNIA.
BARRIO SAN JUAN BOSCO,BARRI SANT JOAN BOSCO,BARRI,BARRIO,BARRI SANT JOAN BOSCO
BARRIO VIRGEN DE LA PALOMA,BARRI MARE DE DEU DE LA PALOMA,BARRI,BARRIO,BARRI MARE DE DÉU DE LA PALOMA
BO CONCEPCION , LA,BARRI CONCEPCIO,BARRI,BARRIO,BARRI CONCEPCIÓ
C/  PIROTÈCNICS JERICÓ, DELS,C/  PIROTECNICS JERICO,C/,C/,C/  PIROTÈCNICS JERICÓ
C/ 15 DE JUNY,C/ QUINZE DE JUNY,C/,C/,C/ QUINZE DE JUNY
C/ 2 DE MAYO,C/ DOS DE MAIG,C/,C/,C/ DOS DE MAIG
C/ 25 DE ABRIL,C/ VINT-I-CINC D'ABRIL,C/,C/,C/ VINT-I-CINC D'ABRIL
C/ 6 DE DESSEMBRE,C/ SIS DE DESEMBRE,C/,C/,C/ SIS DE DESEMBRE
C/ ABASTECEDORES,C/ ABASTIDORS,C/,C/,C/ ABASTIDORS
C/ ABDERRAMAN III,C/ ABD-AL-RAHMAN III,C/,C/,C/ ABD-AL-RAHMAN III
C/ ABETO EL,C/ AVET,C/,C/,C/ AVET
C/ ACACIAS,C/ ACACIES,C/,C/,C/ ACÀCIES
C/ ADEMUZ,C/ ADEMUS,C/,C/,C/ ADEMÚS
C/ ADOLFO SUAREZ GONZALEZ, PRIMER PRESIDENT DEMOCRATIC,C/ ADOLFO SUAREZ GONZALEZ,C/,C/,C/ ADOLFO SUÁREZ GONZÁLEZ
C/ AGUSTIN MUÑOZ,C/ AGUSTIN MUÑOZ,C/,C/,C/ AGUSTÍN MUÑOZ
C/ AGUSTINA DE ARAGON,C/ AGUSTINA D'ARAGO,C/,C/,C/ AGUSTINA D'ARAGÓ
C/ ALACUAS,C/ ALAQUAS,C/,C/,C/ ALAQUÀS
C/ ALBACETE,C/ ALBACETE,C/,C/,C/ ALBACETE
C/ ALBADES,C/ ALBADES,C/,C/,C/ ALBADES
C/ ALBAIDA,C/ ALBAIDA,C/,C/,C/ ALBAIDA
C/ ALBAL,C/ ALBAL,C/,C/,C/ ALBAL
C/ ALBARDERS, DELS,C/ ALBARDERS,C/,C/,C/ ALBARDERS
C/ ALBERIQUE,C/ ALBERIC,C/,C/,C/ ALBERIC
C/ ALBORACHE,C/ ALBORAIG,C/,C/,C/ ALBORAIG
C/ ALBUFERA,C/ ALBUFERA,C/,C/,C/ ALBUFERA
C/ ALCACER,C/ ALCASSER,C/,C/,C/ ALCÀSSER
C/ ALCALA GALIANO,C/ ALCALA GALIANO,C/,C/,C/ ALCALÁ GALIANO
C/ ALCIRA,C/ ALZIRA,C/,C/,C/ ALZIRA
C/ ALCUDIA CARLET,C/ ALCUDIA,C/,C/,C/ ALCÚDIA
C/ ALDAYA,C/ ALDAIA,C/,C/,C/ ALDAIA
C/ ALFAFAR,C/ ALFAFAR,C/,C/,C/ ALFAFAR
C/ ALFONS EL MAGNANIM,C/ ALFONS EL MAGNANIM,C/,C/,C/ ALFONS EL MAGNÀNIM
C/ ALGARROBO, EL,C/ GARROFERA,C/,C/,C/ GARROFERA
C/ ALICANTE,C/ ALACANT,C/,C/,C/ ALACANT
C/ ALMAGRO,C/ ALMAGRO,C/,C/,C/ ALMAGRO
C/ ALMANZOR,C/ ALMANSOR,C/,C/,C/ ALMANSOR
C/ ALMENDROS, LOS,C/ AMETLERS,C/,C/,C/ AMETLERS
C/ ALMERIA,C/ ALMERIA,C/,C/,C/ ALMERIA
C/ ALMIRANTE CADARSO,C/ ALMIRALL CADARSO,C/,C/,C/ ALMIRALL CADARSO
C/ ALMIRANTE CERVERA,C/ ALMIRALL CERVERA,C/,C/,C/ ALMIRALL CERVERA
C/ ALMIRANTE CHURRUCA,C/ ALMIRALL CHURRUCA,C/,C/,C/ ALMIRALL CHURRUCA
C/ ALMUSAFES,C/ ALMUSSAFES,C/,C/,C/ ALMUSSAFES
C/ ALONDRA, LA,C/ ALOSA,C/,C/,C/ ALOSA
C/ ALTA,C/ ALT,C/,C/,C/ ALT
C/ AMERICA,C/ AMERICA,C/,C/,C/ AMÈRICA
C/ AMERICO CASTRO,C/ AMERICO CASTRO,C/,C/,C/ AMÉRICO CASTRO
C/ ANDORRA,C/ ANDORRA,C/,C/,C/ ANDORRA
C/ ANGEL GUIMERA,C/ ANGEL GUIMERA,C/,C/,C/ ÀNGEL GUIMERÀ
C/ ANTONIO FERRANDIS,C/ ANTONIO FERRANDIS,C/,C/,C/ ANTONIO FERRANDIS
C/ ANTONIO MACHADO,C/ ANTONIO MACHADO,C/,C/,C/ ANTONIO MACHADO
C/ ARCIPRESTE DE HITA,C/ ARXIPRESTE D'HITA,C/,C/,C/ ARXIPRESTE D'HITA
C/ ARCIPRESTE NAVARRO NOGUEROLES,C/ ARXIPRESTE NAVARRO NOGUEROLES,C/,C/,C/ ARXIPRESTE NAVARRO NOGUEROLES
C/ ARCIPRESTE VICENTE MENGOD,C/ ARXIPRESTE VICENTE MENGOD,C/,C/,C/ ARXIPRESTE VICENTE MENGOD
C/ ARGENTERS, DELS,C/ ARGENTERS,C/,C/,C/ ARGENTERS
C/ ARROYO, EL,C/ RIEROL,C/,C/,C/ RIEROL
C/ ARTES, DE LAS,C/ ARTS,C/,C/,C/ ARTS
C/ ARTESANOS,C/ ARTESANS,C/,C/,C/ ARTESANS
C/ ATENES'04,C/ ATENES-04,C/,C/,C/ ATENES-04
C/ ATLANTA'96,C/ ATLANTA-96,C/,C/,C/ ATLANTA-96
C/ AUSIAS MARCH,C/ AUSIAS MARCH,C/,C/,C/ AUSIÀS MARCH
C/ AVE MARIA,C/ AVE MARIA,C/,C/,C/ AVE MARIA
C/ AVIADOR FRANCO,C/ AVIADOR FRANCO,C/,C/,C/ AVIADOR FRANCO
C/ AVILA,C/ AVILA,C/,C/,C/ ÀVILA
C/ AYORA,C/ AIORA,C/,C/,C/ AIORA
C/ AZORIN,C/ AZORIN,C/,C/,C/ AZORÍN
"C/ B. BELENGUER ""SANGCHILI""",C/ B. BELENGUER, SANGCHILI,C/,C/,C/ B. BELENGUER, SANGCHILI
C/ BADAJOZ,C/ BADAJOZ,C/,C/,C/ BADAJOZ
C/ BAILEN,C/ BAILEN,C/,C/,C/ BAILÉN
C/ BAJA,C/ BAIX,C/,C/,C/ BAIX
C/ BALADRE, DEL,C/ BALADRE,C/,C/,C/ BALADRE
C/ BANDA MUSICA DEL CIRCULO CATOLICO,C/ BANDA DE MUSICA DEL CERCLE CATOLIC,C/,C/,C/ BANDA DE MÚSICA DEL CERCLE CATÒLIC
C/ BARCAS, LAS,C/ BARQUES,C/,C/,C/ BARQUES
C/ BARRACA, LA,C/ BARRACA,C/,C/,C/ BARRACA
C/ BARRACHINA,C/ BARRACHINA,C/,C/,C/ BARRACHINA
C/ BARRANC DE CARRAIXET,C/ BARRANC DE CARRAIXET,C/,C/,C/ BARRANC DE CARRAIXET
C/ BARRANC DE CORTITXELLES,C/ BARRANC DE CORTITXELLES,C/,C/,C/ BARRANC DE CORTITXELLES
C/ BARRANC DE LES CANYES,C/ BARRANC DE LES CANYES,C/,C/,C/ BARRANC DE LES CANYES
C/ BARRANC DE L'HORTETA,C/ BARRANC DE L'HORTETA,C/,C/,C/ BARRANC DE L'HORTETA
C/ BARRANC DE PICASSENT,C/ BARRANC DE PICASSENT,C/,C/,C/ BARRANC DE PICASSENT
C/ BARRANC DE XIVA,C/ BARRANC DE XIVA,C/,C/,C/ BARRANC DE XIVA
C/ BARRANC DEL GALLEGO,C/ BARRANC DEL GALLEGO,C/,C/,C/ BARRANC DEL GALLEGO
C/ BARRANC, DEL,C/ BARRANC,C/,C/,C/ BARRANC
C/ BARRANCO N  1,C/ BARRANC NUM 1,C/,C/,C/ BARRANC NÚM 1
C/ BAVIERA,C/ BAVIERA,C/,C/,C/ BAVIERA
C/ BEATO ANDRES IBERNON,C/ BEAT ANDRES IBERNON,C/,C/,C/ BEAT ANDRÉS IBERNON
C/ BELLIDO,C/ BELLIDO,C/,C/,C/ BELLIDO
C/ BENALUP,C/ BENALUP,C/,C/,C/ BENALUP
C/ BENEMERITA GUARDIA CIVIL,C/ BENEMERITA GUARDIA CIVIL,C/,C/,C/ BENEMÈRITA GUÀRDIA CIVIL
C/ BENICADELL, DEL,C/ BENICADELL,C/,C/,C/ BENICADELL
C/ BENIPARRELL,C/ BENIPARRELL,C/,C/,C/ BENIPARRELL
C/ BENISAET,C/ BENISSAET,C/,C/,C/ BENISSAET
C/ BENISANO,C/ BENISSANO,C/,C/,C/ BENISSANÓ
C/ BERNAT I BALDOVI,C/ BERNAT I BALDOVI,C/,C/,C/ BERNAT I BALDOVÍ
C/ BERRUGUETE,C/ BERRUGUETE,C/,C/,C/ BERRUGUETE
C/ BILBAO,C/ BILBAO,C/,C/,C/ BILBAO
C/ BOCAIRENTE,C/ BOCAIRENT,C/,C/,C/ BOCAIRENT
C/ BRISAS DEL VEDAT,C/ BRISES DEL VEDAT,C/,C/,C/ BRISES DEL VEDAT
C/ BRONZERS, DELS,C/ BRONZERS,C/,C/,C/ BRONZERS
C/ BUEN PASTOR, DEL,C/ BON PASTOR,C/,C/,C/ BON PASTOR
C/ BUENOS AIRES,C/ BUENOS AIRES,C/,C/,C/ BUENOS AIRES
C/ BUÑOL,C/ BUNYOL,C/,C/,C/ BUNYOL
C/ BURGOS,C/ BURGOS,C/,C/,C/ BURGOS
C/ CABRERA,C/ CABRERA,C/,C/,C/ CABRERA
C/ CADIZ,C/ CADIS,C/,C/,C/ CADIS
C/ CAJA DE AHORROS Y M. P.,C/ CAIXA D´ESTALVIS,C/,C/,C/ CAIXA D´ESTALVIS
C/ CALDERERS, DELS,C/ CALDERERS,C/,C/,C/ CALDERERS
C/ CALDERON DE LA BARCA,C/ CALDERON DE LA BARCA,C/,C/,C/ CALDERÓN DE LA BARCA
C/ CALVARIO,C/ CALVARI,C/,C/,C/ CALVARI
C/ CAMI REIAL,C/ CAMI REIAL,C/,C/,C/ CAMÍ REIAL
C/ CAMP DE MORVEDRE,C/ CAMP DE MORVEDRE,C/,C/,C/ CAMP DE MORVEDRE
C/ CAMPOAMOR,C/ CAMPOAMOR,C/,C/,C/ CAMPOAMOR
C/ CANAL, DEL,C/ CANAL,C/,C/,C/ CANAL
C/ CANONIGO GISBERT,C/ CANONGE GISBERT,C/,C/,C/ CANONGE GISBERT
C/ CANTARERIAS,C/ CANTERERIES,C/,C/,C/ CANTERERIES
C/ CARCAGENTE,C/ CARCAIXENT,C/,C/,C/ CARCAIXENT
C/ CARDENAL CISNEROS,C/ CARDENAL CISNEROS,C/,C/,C/ CARDENAL CISNEROS
C/ CARLET,C/ CARLET,C/,C/,C/ CARLET
C/ CARLOS ARNICHES,C/ CARLOS ARNICHES,C/,C/,C/ CARLOS ARNICHES
C/ CARNISSERS, DELS,C/ CARNISSERS,C/,C/,C/ CARNISSERS
C/ CARRASQUERA,C/ CARRASQUERA,C/,C/,C/ CARRASQUERA
C/ CARTA DE POBLAMENT DE TORRENT,C/ CARTA DE POBLAMENT,C/,C/,C/ CARTA DE POBLAMENT
C/ CASTELLON,C/ CASTELLO,C/,C/,C/ CASTELLÓ
C/ CASTROVIEJO,C/ CASTROVIEJO,C/,C/,C/ CASTROVIEJO
C/ CATARROJA,C/ CATARROJA,C/,C/,C/ CATARROJA
C/ CAVITE,C/ CAVITE,C/,C/,C/ CAVITE
C/ CEDRO, EL,C/ CEDRE,C/,C/,C/ CEDRE
C/ CENTRO LA HABANA,C/ CENTRO HABANA,C/,C/,C/ CENTRO HABANA
C/ CERAMISTES GILS,C/ CERAMISTES GILS,C/,C/,C/ CERAMISTES GILS
C/ CEREZO, EL,C/ CIRERER,C/,C/,C/ CIRERER
C/ CERVANTES,C/ CERVANTES,C/,C/,C/ CERVANTES
C/ CHELVA,C/ XELVA,C/,C/,C/ XELVA
C/ CHENILLET,C/ XENILLET,C/,C/,C/ XENILLET
C/ CHESTE,C/ XEST,C/,C/,C/ XEST
C/ CHIVA,C/ XIVA,C/,C/,C/ XIVA
C/ CHOPOS,LOS,C/ XOPS,C/,C/,C/ XOPS
C/ CID, EL,C/ CID,C/,C/,C/ CID
C/ CISTELLERS, DELS,C/ CISTELLERS,C/,C/,C/ CISTELLERS
C/ CIUDAD DE EL ALTO,C/ CIUTAT D'EL ALTO,C/,C/,C/ CIUTAT D'EL ALTO
C/ CLAVEL,C/ CLAVELL,C/,C/,C/ CLAVELL
C/ COLINA, LA,C/ TOSSAL,C/,C/,C/ TOSSAL
C/ COLOMS, DELS,C/ COLOMS,C/,C/,C/ COLOMS
C/ COMARE C. FERRER CERVERA,C/ COMARE C. FERRER CERVERA,C/,C/,C/ COMARE C. FERRER CERVERA
C/ COMARE PILAR MARTI HERNANDEZ,C/ COMARE PILAR MARTI HERNANDEZ,C/,C/,C/ COMARE PILAR MARTÍ HERNÁNDEZ
C/ CONCEPCION ARENAL,C/ CONCEPCION ARENAL,C/,C/,C/ CONCEPCIÓN ARENAL
C/ CONCHA ESPINA,C/ CONCHA ESPINA,C/,C/,C/ CONCHA ESPINA
C/ CONEJERA,C/ CONILLERA,C/,C/,C/ CONILLERA
C/ CONSTITUCION,C/ CONSTITUCIO,C/,C/,C/ CONSTITUCIÓ
C/ CORBERA,C/ CORBERA,C/,C/,C/ CORBERA
C/ CORDERS, DELS,C/ CORDERS,C/,C/,C/ CORDERS
C/ CORONA DE ARAGON,C/ CORONA D'ARAGO,C/,C/,C/ CORONA D'ARAGÓ
C/ CORUÑA, LA,C/ CORUNYA,C/,C/,C/ CORUNYA
C/ COSTERA, LA,C/ COSTERA,C/,C/,C/ COSTERA
C/ COVADONGA,C/ COVADONGA,C/,C/,C/ COVADONGA
C/ CRON.VICENT BEGUER ESTEVE,C/ CRONISTA VICENT BEGUER ESTEVE,C/,C/,C/ CRONISTA VICENT BEGUER ESTEVE
C/ CRONISTA SILVINO BENEYTO Y TASSO,C/ CRONISTA SILVINO BENEYTO I TASSO,C/,C/,C/ CRONISTA SILVINO BENEYTO I TASSO
C/ CRUZ ROJA, DE LA,C/ CREU ROJA,C/,C/,C/ CREU ROJA
C/ CUART DE POBLET,C/ QUART DE POBLET,C/,C/,C/ QUART DE POBLET
C/ CUBA,C/ CUBA,C/,C/,C/ CUBA
C/ CUENCA,C/ CONCA,C/,C/,C/ CONCA
C/ CULLERA,C/ CULLERA,C/,C/,C/ CULLERA
C/ D'ALBOCASSER,C/ ALBOCASSER,C/,C/,C/ ALBOCÀSSER
C/ DESCUBRIMIENTO, DEL,C/ DESCOBRIMENT,C/,C/,C/ DESCOBRIMENT
C/ DOCTOR ALVARO LOPEZ,C/ DOCTOR ALVARO LOPEZ,C/,C/,C/ DOCTOR ÁLVARO LÓPEZ
C/ DOCTOR BARTUAL,C/ DOCTOR BARTUAL,C/,C/,C/ DOCTOR BARTUAL
C/ DOCTOR BELTRAN BAGUENA,C/ DOCTOR BELTRAN BAGUENA,C/,C/,C/ DOCTOR BELTRÁN BÁGUENA
C/ DOCTOR CASTRO BLANCO,C/ DOCTOR CASTRO BLANCO,C/,C/,C/ DOCTOR CASTRO BLANCO
C/ DOCTOR FERRAN,C/ DOCTOR FERRAN,C/,C/,C/ DOCTOR FERRAN
C/ DOCTOR FLEMING,C/ DOCTOR FLEMING,C/,C/,C/ DOCTOR FLEMING
C/ DOCTOR FRANCISCO ROSELLO,C/ DOCTOR FRANCISCO ROSELLO,C/,C/,C/ DOCTOR FRANCISCO ROSELLÓ
C/ DOCTOR MARAÑON,C/ DOCTOR MARAÑON,C/,C/,C/ DOCTOR MARAÑON
C/ DOCTOR MOLINER,C/ DOCTOR MOLINER,C/,C/,C/ DOCTOR MOLINER
C/ DOCTOR ROMAGOSA,C/ DOCTOR ROMAGOSA,C/,C/,C/ DOCTOR ROMAGOSA
C/ DOCTOR SERRA,C/ DOCTOR SERRA,C/,C/,C/ DOCTOR SERRA
C/ DOCTOR VICENTE PUIG SIMO,C/ DOCTOR VICENTE PUIG SIMO,C/,C/,C/ DOCTOR VICENTE PUIG SIMÓ
C/ DOMINICAL,C/ DOMINICAL,C/,C/,C/ DOMINICAL
C/ DON EMILIANO FERNANDEZ HERRAIZ,C/ EMILIANO FERNANDEZ HERRAIZ,C/,C/,C/ EMILIANO FERNÁNDEZ HERRÁIZ
C/ DON JERONI,C/ DON JERONI,C/,C/,C/ DON JERONI
C/ DON JUAN ARTAL,C/ JUAN ARTAL,C/,C/,C/ JUAN ARTAL
C/ DON JUAN DE AUSTRIA,C/ JOAN D'AUSTRIA,C/,C/,C/ JOAN D'ÀUSTRIA
C/ DRAPERS, DELS,C/ DRAPERS,C/,C/,C/ DRAPERS
C/ DUQUE DE ALBA,C/ DUC D'ALBA,C/,C/,C/ DUC D'ALBA
C/ ECHEGARAY,C/ ECHEGARAY,C/,C/,C/ ECHEGARAY
C/ EDUARDO DATO,C/ EDUARDO DATO,C/,C/,C/ EDUARDO DATO
C/ EJERCITO ESPAÑOL,C/ EXERCIT ESPANYOL,C/,C/,C/ EXÈRCIT ESPANYOL
C/ EL CASTAÑO,C/ CASTANYER,C/,C/,C/ CASTANYER
C/ EL ESPINO,C/ ESPI,C/,C/,C/ ESPÍ
C/ EL PALMAR,C/ EL PALMAR,C/,C/,C/ EL PALMAR
C/ EL TOBOSO,C/ EL TOBOSO,C/,C/,C/ EL TOBOSO
C/ ELCHE,C/ ELX,C/,C/,C/ ELX
C/ ELENA TAMARIT,C/ ELENA TAMARIT,C/,C/,C/ ELENA TAMARIT
C/ EMILIO ATTARD ALONSO,C/ EMILIO ATTARD ALONSO,C/,C/,C/ EMILIO ATTARD ALONSO
C/ ENCARNACION LANGA,C/ ENCARNACION LANGA,C/,C/,C/ ENCARNACIÓN LANGA
C/ ENEBRO,C/ GINEBRE,C/,C/,C/ GINEBRE
C/ ENGUERA,C/ ENGUERA,C/,C/,C/ ÉNGUERA
C/ ENRIC VALOR,C/ ENRIC VALOR,C/,C/,C/ ENRIC VALOR
C/ ENRIQUE MIQUEL MOSSI,C/ ENRIQUE MIQUEL MOSSI,C/,C/,C/ ENRIQUE MIQUEL MOSSI
C/ ERMITETA,C/ ERMITETA,C/,C/,C/ ERMITETA
C/ ESCORIAL, EL,C/ ESCORIAL,C/,C/,C/ ESCORIAL
C/ ESCRIPTOR JAUME ROIG,C/ ESCRIPTOR JAUME ROIG,C/,C/,C/ ESCRIPTOR JAUME ROIG
C/ ESCULTOR JOSE CAPUZ,C/ ESCULTOR JOSE CAPUZ,C/,C/,C/ ESCULTOR JOSÉ CAPUZ
C/ ESCULTOR RAFAEL PI BELDA,C/ ESCULTOR RAFAEL PI BELDA,C/,C/,C/ ESCULTOR RAFAEL PI BELDA
C/ ESPAÑOLETO,C/ ESPANYOLETO,C/,C/,C/ ESPANYOLETO
C/ ESPARTERO,C/ ESPARTERO,C/,C/,C/ ESPARTERO
C/ ESPLIEGO,C/ ESPIGOL,C/,C/,C/ ESPÍGOL
C/ ESTACION,C/ ESTACIO,C/,C/,C/ ESTACIÓ
C/ ESTANISLAO ALBEROLA,C/ ESTANISLAU ALBEROLA,C/,C/,C/ ESTANISLAU ALBEROLA
C/ EUCALIPTO,C/ EUCALIPTUS,C/,C/,C/ EUCALIPTUS
C/ EUROPA,C/ EUROPA,C/,C/,C/ EUROPA
C/ EXTREMADURA,C/ EXTREMADURA,C/,C/,C/ EXTREMADURA
C/ FEDERICO GARCIA LORCA,C/ FEDERICO GARCIA LORCA,C/,C/,C/ FEDERICO GARCÍA LORCA
C/ FEDERICO GARCIA SANCHIS,C/ FEDERICO GARCIA SANCHIS,C/,C/,C/ FEDERICO GARCÍA SANCHIS
C/ FEDERICO MAICAS,C/ FEDERICO MAICAS,C/,C/,C/ FEDERICO MAICAS
C/ FELIPE II,C/ FELIP II,C/,C/,C/ FELIP II
C/ FELIX PIZCUETA,C/ FELIX PIZCUETA,C/,C/,C/ FÈLIX PIZCUETA
C/ FENOLL,C/ FENOLL,C/,C/,C/ FENOLL
C/ FERNANDO FURIO ROCA,C/ FERNANDO FURIO ROCA,C/,C/,C/ FERNANDO FURIÓ ROCA
C/ FERNANDO RODRIGUEZ FORNOS,C/ FERNANDO RODRIGUEZ FORNOS,C/,C/,C/ FERNANDO RODRÍGUEZ FORNÓS
C/ FERRERS,C/ FERRERS,C/,C/,C/ FERRERS
C/ FLOR DE MAIG,C/ FLOR DE MAIG,C/,C/,C/ FLOR DE MAIG
C/ FLORIDA,C/ FLORIDA,C/,C/,C/ FLORIDA
C/ FOIA DE BUNYOL,C/ FOIA DE BUNYOL,C/,C/,C/ FOIA DE BUNYOL
C/ FONT DE LA CARRASQUERA,C/ FONT DE LA CARRASQUERA,C/,C/,C/ FONT DE LA CARRASQUERA
C/ FONT DE LA TEULA,C/ FONT DE LA TEULA,C/,C/,C/ FONT DE LA TEULA
C/ FONT DE MANYES,C/ FONT DE MANYES,C/,C/,C/ FONT DE MANYES
C/ FONT DE SANT LLUIS,C/ FONT DE SANT LLUIS,C/,C/,C/ FONT DE SANT LLUÍS
C/ FONT DEL XORRO,C/ FONT DEL XORRO,C/,C/,C/ FONT DEL XORRO
C/ FONTILLES,C/ FONTILLES,C/,C/,C/ FONTILLES
C/ FORMENTERA,C/ FORMENTERA,C/,C/,C/ FORMENTERA
C/ FORNERS, DELS,C/ FORNERS,C/,C/,C/ FORNERS
C/ FRANCESC CABRELLES ROMERO,C/ FRANCESC CABRELLES ROMERO,C/,C/,C/ FRANCESC CABRELLES ROMERO
C/ FRANCISCO QUEVEDO,C/ FRANCISCO QUEVEDO,C/,C/,C/ FRANCISCO QUEVEDO
C/ FRANCISCO TARREGA,C/ FRANCISCO TARREGA,C/,C/,C/ FRANCISCO TÁRREGA
C/ FRAY ANTONIO PANES,C/ FRARE ANTONIO PANES,C/,C/,C/ FRARE ANTONIO PANES
C/ FRAY JUNIPERO SERRA,C/ FRARE JUNIPERO SERRA,C/,C/,C/ FRARE JUNÍPERO SERRA
C/ FRAY LUIS AMIGO,C/ FRARE LLUIS AMIGO,C/,C/,C/ FRARE LLUÍS AMIGÓ
C/ FRAY LUIS DE LEON,C/ FRARE LUIS DE LEON,C/,C/,C/ FRARE LUIS DE LEÓN
C/ FRESNO,C/ FREIXE,C/,C/,C/ FREIXE
C/ FUERTEVENTURA,C/ FUERTEVENTURA,C/,C/,C/ FUERTEVENTURA
C/ FUSTERS, DELS,C/ FUSTERS,C/,C/,C/ FUSTERS
C/ GABRIEL CISNEROS LABORDA,C/ GABRIEL CISNEROS LABORDA,C/,C/,C/ GABRIEL CISNEROS LABORDA
C/ GABRIEL MIRO,C/ GABRIEL MIRO,C/,C/,C/ GABRIEL MIRÓ
C/ GABRIELA MISTRAL,C/ GABRIELA MISTRAL,C/,C/,C/ GABRIELA MISTRAL
C/ GANDIA,C/ GANDIA,C/,C/,C/ GANDIA
C/ GARBI, DEL,C/ GARBI,C/,C/,C/ GARBÍ
C/ GARDENIA, LA,C/ GARDENIA,C/,C/,C/ GARDÈNIA
C/ GARELLANO,C/ GARELLANO,C/,C/,C/ GARELLANO
C/ GASPAR NAVARRO PILES,C/ GASPAR NAVARRO PILES,C/,C/,C/ GASPAR NAVARRO PILES
C/ GAVILAN,C/ ESPARVER,C/,C/,C/ ESPARVER
C/ GAYARRE,C/ GAYARRE,C/,C/,C/ GAYARRE
C/ GELATERS, DELS,C/ GELATERS,C/,C/,C/ GELATERS
C/ GENERAL CASTAÑOS,C/ GENERAL CASTAÑOS,C/,C/,C/ GENERAL CASTAÑOS
C/ GENERAL CAVALCANTI,C/ GENERAL CAVALCANTI,C/,C/,C/ GENERAL CAVALCANTI
C/ GENERAL PALAFOX,C/ GENERAL PALAFOX,C/,C/,C/ GENERAL PALAFOX
C/ GERANI, EL,C/ GERANI,C/,C/,C/ GERANI
C/ GERMANIES,C/ GERMANIES,C/,C/,C/ GERMANIES
C/ GIBRALTAR,C/ GIBRALTAR,C/,C/,C/ GIBRALTAR
C/ GINJOLER, EL,C/ GINJOLER,C/,C/,C/ GINJOLER
C/ GLADIOL, DEL,C/ GLADIOL,C/,C/,C/ GLADIOL
C/ GODELLETA,C/ GODELLETA,C/,C/,C/ GODELLETA
C/ GOLONDRINAS, LAS,C/ ORONETES,C/,C/,C/ ORONETES
C/ GOMERA,C/ GOMERA,C/,C/,C/ GOMERA
C/ GOMEZ FERRER,C/ GOMEZ FERRER,C/,C/,C/ GÓMEZ FERRER
C/ GOYA,C/ GOYA,C/,C/,C/ GOYA
C/ GRAN CANARIA,C/ GRAN CANARIA,C/,C/,C/ GRAN CANÀRIA
C/ GRANERERS,C/ GRANERERS,C/,C/,C/ GRANERERS
C/ GRECO, EL,C/ GRECO,C/,C/,C/ GRECO
C/ GREGORIO MAYANS,C/ GREGORI MAIANS,C/,C/,C/ GREGORI MAIANS
C/ GREGORIO PECES-BARBA MARTINEZ,C/ GREGORIO PECES-BARBA MARTINEZ,C/,C/,C/ GREGORIO PECES-BARBA MARTÍNEZ
C/ GUILLEN DE CASTRO,C/ GUILLEM DE CASTRO,C/,C/,C/ GUILLEM DE CASTRO
C/ GUSTAVO ADOLFO BECQUER,C/ GUSTAVO ADOLFO BECQUER,C/,C/,C/ GUSTAVO ADOLFO BÉCQUER
C/ HELSINKI'52,C/ HELSINKI-52,C/,C/,C/ HÈLSINKI-52
C/ HERMANOS QUINTERO,C/ GERMANS QUINTERO,C/,C/,C/ GERMANS QUINTERO
C/ HERNAN CORTES,C/ HERNAN CORTES,C/,C/,C/ HERNÁN CORTÉS
C/ HERNANDEZ MALILLOS,C/ HERNANDEZ MALILLOS,C/,C/,C/ HERNÁNDEZ MALILLOS
C/ HIERRO,C/ HIERRO,C/,C/,C/ HIERRO
C/ HIGUERA,C/ FIGUERA,C/,C/,C/ FIGUERA
C/ HISTORIADOR ISIDRO MIQUEL,C/ HISTORIADOR ISIDRO MIQUEL,C/,C/,C/ HISTORIADOR ISIDRO MIQUEL
C/ HORT DE SORIANO,C/ HORT DE SORIANO,C/,C/,C/ HORT DE SORIANO
C/ HORTENSIA,C/ HORTÈNSIA,C/,C/,C/ L'HORTÈNSIA
C/ HORTICULTOR HERMOGENES LACASA,C/ HORTICULTOR HERMOGENES LACASA,C/,C/,C/ HORTICULTOR HERMÓGENES LACASA
C/ HOSPITAL,C/ HOSPITAL,C/,C/,C/ HOSPITAL
C/ HUESCA,C/ OSCA,C/,C/,C/ OSCA
C/ IBIZA,C/ EIVISSA,C/,C/,C/ EIVISSA
C/ IGLESIA,C/ ESGLESIA,C/,C/,C/ ESGLÉSIA
C/ ILLA DE TABARCA,C/ ILLA DE TABARCA,C/,C/,C/ ILLA DE TABARCA
C/ ILLES COLUMBRETES,C/ ILLES COLUMBRETES,C/,C/,C/ ILLES COLUMBRETES
C/ INDUSTRIA, LA,C/ INDUSTRIA,C/,C/,C/ INDÚSTRIA
C/ INDUSTRIALS DEL CARTO,C/ INDUSTRIALS DEL CARTO,C/,C/,C/ INDUSTRIALS DEL CARTÓ
C/ IRLANDA,C/ IRLANDA,C/,C/,C/ IRLANDA
C/ ISLAS BALEARES,C/ ILLES BALEARS,C/,C/,C/ ILLES BALEARS
C/ JACINTO BENAVENTE,C/ JACINTO BENAVENTE,C/,C/,C/ JACINTO BENAVENTE
C/ JAIME BALMES,C/ JAIME BALMES,C/,C/,C/ JAIME BALMES
C/ JAZMIN, DEL,C/ GESMILER,C/,C/,C/ GESMILER
C/ JESUS,C/ JESUS,C/,C/,C/ JESÚS
C/ JOAN FUSTER,C/ JOAN FUSTER,C/,C/,C/ JOAN FUSTER
C/ JOAN PAU II,C/ JOAN PAU II,C/,C/,C/ JOAN PAU II
C/ JOANOT MARTORELL,C/ JOANOT MARTORELL,C/,C/,C/ JOANOT MARTORELL
C/ JOAQUIN COSTA,C/ JOAQUIM COSTA,C/,C/,C/ JOAQUIM COSTA
C/ JORDI SOLE TURA,C/ JORDI SOLE TURA,C/,C/,C/ JORDI SOLÉ TURA
C/ JORGE GUILLEN,C/ JORGE GUILLEN,C/,C/,C/ JORGE GUILLÉN
C/ JORGE MANRIQUE,C/ JORGE MANRIQUE,C/,C/,C/ JORGE MANRIQUE
C/ JOSE BENLLIURE,C/ JOSE BENLLIURE,C/,C/,C/ JOSÉ BENLLIURE
C/ JOSE ITURBI,C/ JOSE ITURBI,C/,C/,C/ JOSÉ ITURBI
C/ JOSE MARIA SIMO NOGUES,C/ JOSE MARIA SIMO NOGUES,C/,C/,C/ JOSÉ MARÍA SIMÓ NOGUÉS
C/ JOSE NAVARRO,C/ JOSE NAVARRO,C/,C/,C/ JOSÉ NAVARRO
C/ JOSE PEDRO PEREZ-LLORCA RODRIGO,C/ JOSE PEDRO PEREZ-LLORCA RODRIGO,C/,C/,C/ JOSÉ PEDRO PÉREZ-LLORCA RODRIGO
C/ JOSE VICTORIO GIRON,C/ JOSE VICTORIO GIRON,C/,C/,C/ JOSÉ VICTORIO GIRÓN
C/ JUAN DE JUANES,C/ JOAN DE JOANES,C/,C/,C/ JOAN DE JOANES
C/ JUAN DE LA CIERVA,C/ JUAN DE LA CIERVA,C/,C/,C/ JUAN DE LA CIERVA
C/ JUAN GIL ALBERT,C/ JUAN GIL-ALBERT,C/,C/,C/ JUAN GIL-ALBERT
C/ JUAN RAMON JIMENEZ,C/ JUAN RAMON JIMENEZ,C/,C/,C/ JUAN RAMÓN JIMÉNEZ
C/ JUAN XXIII,C/ JOAN XXIII,C/,C/,C/ JOAN XXIII
C/ JUEZ ANGEL QUEROL,C/ JUTGE ANGEL QUEROL,C/,C/,C/ JUTGE ÀNGEL QUEROL
C/ JULIO ROMERO DE TORRES,C/ JULIO ROMERO DE TORRES,C/,C/,C/ JULIO ROMERO DE TORRES
C/ JUNQUERA, LA,C/ JONQUERA,C/,C/,C/ JONQUERA
C/ LA ELIANA,C/ ELIANA,C/,C/,C/ ELIANA
C/ LA ENCARNACION,C/ ENCARNACIO,C/,C/,C/ ENCARNACIÓ
C/ LA ENCINA,C/ ALZINA,C/,C/,C/ ALZINA
C/ LA FOYETA,C/ FOIETA,C/,C/,C/ FOIETA
C/ LA FUENTE,C/ FONT,C/,C/,C/ FONT
C/ LA MARINA,C/ LA MARINA,C/,C/,C/ LA MARINA
C/ LA PALMA,C/ LA PALMA,C/,C/,C/ LA PALMA
C/ LA PLANA,C/ LA PLANA,C/,C/,C/ LA PLANA
C/ L'ALCALATEN,C/ ALCALATEN,C/,C/,C/ ALCALATÉN
C/ L'ALFABREGA,C/ ALFABREGA,C/,C/,C/ ALFÀBREGA
C/ L'AMISTAD,C/ AMISTAT,C/,C/,C/ AMISTAT
C/ LANZAROTE,C/ LANZAROTE,C/,C/,C/ LANZAROTE
C/ LAUREL, EL,C/ LLORER,C/,C/,C/ LLORER
C/ L'AURORA,C/ L'AURORA,C/,C/,C/ L'AURORA
C/ L'ENRAMA DE MAIG,C/ L'ENRAMA DE MAIG,C/,C/,C/ L'ENRAMÀ DE MAIG
C/ LEON,C/ LLEO,C/,C/,C/ LLEÓ
C/ LEON XIII,C/ LLEO XIII,C/,C/,C/ LLEÓ XIII
C/ LEONARDO DA VINCI,C/ LEONARDO DA VINCI,C/,C/,C/ LEONARDO DA VINCI
C/ LEPANTO,C/ LEPANT,C/,C/,C/ LEPANT
C/ L'ESPARRAGUERA,C/ L'ESPARRAGUERA,C/,C/,C/ L'ESPARRAGUERA
C/ L'HORTA,C/ L' HORTA,C/,C/,C/ L' HORTA
C/ LIRIA,C/ LLIRIA,C/,C/,C/ LLÍRIA
C/ LLAURADOR FRANCISCO VIÑES PLANELLS,C/ LLAURADOR FRANCISCO VIÑES PLANELLS,C/,C/,C/ LLAURADOR FRANCISCO VIÑES PLANELLS
C/ LLAURADORS,C/ LLAURADORS,C/,C/,C/ LLAURADORS
C/ LLIBRERS, DELS,C/ LLIBRERS,C/,C/,C/ LLIBRERS
C/ LOGROÑO,C/ LOGRONYO,C/,C/,C/ LOGRONYO
C/ LONDRES'48,C/ LONDRES-48,C/,C/,C/ LONDRES-48
C/ LOPE DE RUEDA,C/ LOPE DE RUEDA,C/,C/,C/ LOPE DE RUEDA
C/ LOPE DE VEGA,C/ LOPE DE VEGA,C/,C/,C/ LOPE DE VEGA
C/ LOURDES,C/ LOURDES,C/,C/,C/ LOURDES
C/ LOYOLA,C/ LOIOLA,C/,C/,C/ LOIOLA
C/ LUGAR NUEVO DE LA CORONA,C/ LLOCNOU DE LA CORONA,C/,C/,C/ LLOCNOU DE LA CORONA
C/ LUIS CERNUDA,C/ LUIS CERNUDA,C/,C/,C/ LUÍS CERNUDA
C/ LUIS DE GONGORA,C/ LLUIS DE GONGORA,C/,C/,C/ LLUÍS DE GÓNGORA
C/ LUIS DE SANTANGEL,C/ LLUIS DE SANTANGEL,C/,C/,C/ LLUÍS DE SANTÀNGEL
C/ LUIS LAMARCA,C/ LLUIS LAMARCA,C/,C/,C/ LLUÍS LAMARCA
C/ LUIS VIVES,C/ LLUIS VIVES,C/,C/,C/ LLUÍS VIVES
C/ LUNA, LA,C/ LLUNA,C/,C/,C/ LLUNA
C/ MACASTRE,C/ MACASTRE,C/,C/,C/ MACASTRE
C/ MADRE SACRAMENTO,C/ MARE SAGRAMENT,C/,C/,C/ MARE SAGRAMENT
C/ MAESTRO ALBENIZ,C/ MESTRE ALBENIZ,C/,C/,C/ MESTRE ALBÉNIZ
C/ MAESTRO BRETON,C/ MESTRE BRETON,C/,C/,C/ MESTRE BRETÓN
C/ MAESTRO CHAPI,C/ MESTRE CHAPI,C/,C/,C/ MESTRE CHAPÍ
C/ MAESTRO CHUECA,C/ MESTRE CHUECA,C/,C/,C/ MESTRE CHUECA
C/ MAESTRO FALLA,C/ MESTRE FALLA,C/,C/,C/ MESTRE FALLA
C/ MAESTRO FORTEA,C/ MESTRE FORTEA,C/,C/,C/ MESTRE FORTEA
C/ MAESTRO GRANADOS,C/ MESTRE GRANADOS,C/,C/,C/ MESTRE GRANADOS
C/ MAESTRO L. FUERTES JULVEZ,C/ MESTRE L. FUERTES JULVEZ,C/,C/,C/ MESTRE L. FUERTES JÚLVEZ
C/ MAESTRO MAGENTI,C/ MESTRE MAGENTI,C/,C/,C/ MESTRE MAGENTI
C/ MAESTRO MANUEL MERA SOLANO,C/ MESTRE MANUEL MERA SOLANO,C/,C/,C/ MESTRE MANUEL MERA SOLANO
C/ MAESTRO SANCHIS ALMIÑANO,C/ MESTRE SANCHIS ALMIÑANO,C/,C/,C/ MESTRE SANCHIS ALMIÑANO
C/ MAESTRO SERRANO,C/ MESTRE SERRANO,C/,C/,C/ MESTRE SERRANO
C/ MAESTRO SOSA,C/ MESTRE SOSA,C/,C/,C/ MESTRE SOSA
C/ MAESTRO VICTORIANO ANDRES,C/ MESTRE VICTORIANO ANDRES,C/,C/,C/ MESTRE VICTORIANO ANDRÉS
C/ MAGALLANES,C/ MAGALLANES,C/,C/,C/ MAGALLANES
C/ MAGISTRADO MONTERDE,C/ MAGISTRAT MONTERDE,C/,C/,C/ MAGISTRAT MONTERDE
C/ MAHON,C/ MAO,C/,C/,C/ MAÓ
C/ MALLORCA,C/ MALLORCA,C/,C/,C/ MALLORCA
C/ MALVARROSA,C/ MALVA-ROSA,C/,C/,C/ MALVA-ROSA
C/ MANISES,C/ MANISES,C/,C/,C/ MANISES
C/ MANUEL AZNAR,C/ MANUEL AZNAR,C/,C/,C/ MANUEL AZNAR
C/ MANUEL CORACHAN,C/ MANUEL CORACHAN,C/,C/,C/ MANUEL CORACHÁN
C/ MANUEL FRAGA IRIBARNE,C/ MANUEL FRAGA IRIBARNE,C/,C/,C/ MANUEL FRAGA IRIBARNE
C/ MANUEL HERREROS CHAMPI,C/ MANUEL HERREROS CHAMPI,C/,C/,C/ MANUEL HERREROS CHAMPI
C/ MANUEL SIUROT,C/ MANUEL SIUROT,C/,C/,C/ MANUEL SIUROT
C/ MANYANS, DELS,C/ MANYANS,C/,C/,C/ MANYANS
C/ MANZANO,C/ POMERA,C/,C/,C/ POMERA
C/ MAR ADRIATIC,C/ MAR ADRIATIC,C/,C/,C/ MAR ADRIÀTIC
C/ MAR BALTIC,C/ MAR BALTIC,C/,C/,C/ MAR BÀLTIC
C/ MAR CANTABRIC,C/ MAR CANTABRIC,C/,C/,C/ MAR CANTÀBRIC
C/ MAR CARIB,C/ MAR CARIB,C/,C/,C/ MAR CÀRIB
C/ MAR EGEU,C/ MAR EGEU,C/,C/,C/ MAR EGEU
C/ MAR JONIC,C/ MAR JONIC,C/,C/,C/ MAR JÒNIC
C/ MAR MENOR,C/ MAR MENOR,C/,C/,C/ MAR MENOR
C/ MAR, EL,C/ MAR,C/,C/,C/ MAR
C/ MARCO,C/ MARC,C/,C/,C/ MARC
C/ MARGARIDA BORRAS,C/ MARGARIDA BORRAS,C/,C/,C/ MARGARIDA BORRÀS
C/ MARGARIDA, DE LA,C/ MARGARIDA,C/,C/,C/ MARGARIDA
C/ MARIA AUXILIADORA,C/ MARIA AUXILIADORA,C/,C/,C/ MARIA AUXILIADORA
C/ MARIA GUERRERO,C/ MARIA GUERRERO,C/,C/,C/ MARIA GUERRERO
C/ MARIANO BENLLIURE,C/ MARIA BENLLIURE,C/,C/,C/ MARIÀ BENLLIURE
C/ MARQUESAT, EL,C/ MARQUESAT,C/,C/,C/ MARQUESAT
C/ MAS DEL JUTGE,C/ MAS DEL JUTGE,C/,C/,C/ MAS DEL JUTGE
C/ MAS DEL JUTGE 2A,C/ MAS DEL JUTGE 2A,C/,C/,C/ MAS DEL JUTGE 2A
C/ MASANASA,C/ MASSANASSA,C/,C/,C/ MASSANASSA
C/ MATALAFERS,C/ MATALAFERS,C/,C/,C/ MATALAFERS
C/ MATIAS PERELLO,C/ MATIES PERELLO,C/,C/,C/ MATIES PERELLÓ
C/ MAULETS,C/ MAULETS,C/,C/,C/ MAULETS
C/ MAUROS, DELS,C/ MAUROS,C/,C/,C/ MAUROS
C/ MEDIODIA,C/ MIGDIA,C/,C/,C/ MIGDIA
C/ MEDITERRANEO,C/ MEDITERRANI,C/,C/,C/ MEDITERRANI
C/ MELBOURNE'56,C/ MELBOURNE-56,C/,C/,C/ MELBOURNE-56
C/ MENDEZ NUÑEZ,C/ MENDEZ NUÑEZ,C/,C/,C/ MÉNDEZ NUÑEZ
C/ MENORCA,C/ MENORCA,C/,C/,C/ MENORCA
C/ MENTA, DE LA,C/ MENTA,C/,C/,C/ MENTA
C/ MESTRA VALENTINA SEGURA SAENZ,C/ MESTRA VALENTINA SEGURA SAENZ,C/,C/,C/ MESTRA VALENTINA SEGURA SÁENZ
C/ MESTRE J V VERDU BELTRAN,C/ MESTRE JOSE VICENTE VERDU,C/,C/,C/ MESTRE JOSÉ VICENTE VERDÚ
C/ MESTRE JOSE VICENTE VERDU,C/ MESTRE JOSE VICENTE VERDU,C/,C/,C/ MESTRE JOSÉ VICENTE VERDÚ
C/ MESTRE JUAN PILES CHUST,C/ MESTRE JUAN PILES CHUST,C/,C/,C/ MESTRE JUAN PILES CHUST
C/ MESTRE JUAN ROIG SOLER,C/ MESTRE JUAN ROIG SOLER,C/,C/,C/ MESTRE JUAN ROIG SOLER
C/ MESTRE JUSTO CASABAN FABIA,C/ MESTRE JUSTO CASABAN FABIA,C/,C/,C/ MESTRE JUSTO CASABÁN FABIÁ
C/ MESTRE SALVADOR PARDO BOCHONS,C/ MESTRE SALVADOR PARDO BOCHONS,C/,C/,C/ MESTRE SALVADOR PARDO BOCHONS
C/ METGE SANDALIO MIQUEL ANDREU,C/ METGE SANDALIO MIGUEL,C/,C/,C/ METGE SANDALIO MIGUEL
C/ MEXIC,C/ MEXIC,C/,C/,C/ MÈXIC
C/ MICALET, EL,C/ MICALET,C/,C/,C/ MICALET
C/ MIGUEL ANGEL,C/ MIQUEL ANGEL,C/,C/,C/ MIQUEL ÀNGEL
C/ MIGUEL HERRERO RODRIGUEZ DE MIÑON,C/ MIGUEL HERRERO RODRIGUEZ DE MIÑON,C/,C/,C/ MIGUEL HERRERO RODRÍGUEZ DE MIÑÓN
C/ MIGUEL SERVET,C/ MIQUEL SERVET,C/,C/,C/ MIQUEL SERVET
C/ MINETA, DE,C/ MINETA,C/,C/,C/ MINETA
C/ MIQUEL ROCA I JUNYENT,C/ MIQUEL ROCA I JUNYENT,C/,C/,C/ MIQUEL ROCA I JUNYENT
C/ MIRACLES, DELS,C/ MIRACLES,C/,C/,C/ MIRACLES
C/ MIRAMAR,C/ MIRAMAR,C/,C/,C/ MIRAMAR
C/ MIRLO, EL,C/ MERLA,C/,C/,C/ MERLA
C/ MISSIONER JESUS PLANELLS,C/ MISSIONER JESUS PLANELLS,C/,C/,C/ MISSIONER JESÚS PLANELLS
C/ MOLETA, LA,C/ MOLETA,C/,C/,C/ MOLETA
C/ MOLINERS,C/ MOLINERS,C/,C/,C/ MOLINERS
C/ MONSERRAT,C/ MONTSERRAT,C/,C/,C/ MONTSERRAT
C/ MONTANEJOS,C/ MONTANEJOS,C/,C/,C/ MONTANEJOS
C/ MONTEJURRA,C/ MONTEJURRA,C/,C/,C/ MONTEJURRA
C/ MONTE-PICAYO,C/ MONTIPCAIO,C/,C/,C/ MONTPICAIO
C/ MONTE-SION,C/ MONTSIO,C/,C/,C/ MONTSIÓ
C/ MONTGO,C/ MONTGO,C/,C/,C/ MONTGÓ
C/ MONTREAL'76,C/ MONTREAL-76,C/,C/,C/ MONTREAL-76
C/ MORALETS,C/ MORALETS,C/,C/,C/ MORALETS
C/ MORATIN,C/ MORATIN,C/,C/,C/ MORATÍN
C/ MOSEN SORELL,C/ MOSSEN SORELL,C/,C/,C/ MOSSÉN SORELL
C/ MOSSEN FENOLLAR,C/ MOSSEN FENOLLAR,C/,C/,C/ MOSSÉN FENOLLAR
C/ MOTA,C/ MOTA,C/,C/,C/ MOTA
C/ MUNIC'72,C/ MUNIC-72,C/,C/,C/ MUNIC-72
C/ MUÑOZ SECA,C/ MUÑOZ SECA,C/,C/,C/ MUÑOZ SECA
C/ MUR, DEL,C/ MUR,C/,C/,C/ MUR
C/ MURCIA,C/ MURCIA,C/,C/,C/ MÚRCIA
C/ MURILLO,C/ MURILLO,C/,C/,C/ MURILLO
C/ MUSIC ENRIQUE ANDREU,C/ MUSIC ENRIQUE ANDREU,C/,C/,C/ MÚSIC ENRIQUE ANDREU
C/ MUSIC MARTI SOLER,C/ MUSIC MARTI SOLER,C/,C/,C/ MÚSIC MARTÍ SOLER
C/ MUSICO ANDRES PIQUERES,C/ MUSIC ANDREU PIQUERES,C/,C/,C/ MÚSIC ANDREU PIQUERES
C/ MUSICO ANDREU NAVARRO,C/ MUSIC ANDREU NAVARRO,C/,C/,C/ MÚSIC ANDREU NAVARRO
C/ MUSICO ANDREU PIQUERES,C/ MUSIC ANDREU PIQUERES,C/,C/,C/ MÚSIC ANDREU PIQUERES
C/ MUSICO CABANILLES,C/ MUSIC CABANILLES,C/,C/,C/ MÚSIC CABANILLES
C/ MUSICO JOAQUIN RODRIGO,C/ MUSIC JOAQUIN RODRIGO,C/,C/,C/ MÚSIC JOAQUÍN RODRIGO
C/ MUSICO JOSE MARIA MERINO,C/ MUSIC JOSE MARIA MERINO,C/,C/,C/ MÚSIC JOSÉ MARÍA MERINO
C/ MUSICO JOSE ORTI SORIANO,C/ MUSIC JOSE ORTI SORIANO,C/,C/,C/ MÚSIC JOSÉ ORTÍ SORIANO
C/ MUSICO MARIANO PUIG YAGO,C/ MUSIC MARIANO PUIG YAGO,C/,C/,C/ MÚSIC MARIANO PUIG YAGO
C/ MUSICO VICENTE LLEO,C/ MUSIC VICENTE LLEO,C/,C/,C/ MÚSIC VICENTE LLEÓ
C/ MUSICO.ANDRES CARRERES LOPEZ,C/ MUSIC ANDREU CARRERES LOPEZ,C/,C/,C/ MÚSIC ANDREU CARRERES LÓPEZ
C/ NARANJOS, LOS,C/ TARONGERS,C/,C/,C/ TARONGERS
C/ NAVARRO REVERTER,C/ NAVARRO REVERTER,C/,C/,C/ NAVARRO REVERTER
C/ NAVAS DE TOLOSA,C/ NAVAS DE TOLOSA,C/,C/,C/ NAVAS DE TOLOSA
C/ NAZARET,C/ NATZARET,C/,C/,C/ NATZARET
C/ NICARAGUA,C/ NICARAGUA,C/,C/,C/ NICARAGUA
C/ NICOLAS ANDREU,C/ NICOLAU ANDREU,C/,C/,C/ NICOLAU ANDREU
C/ NOGAL,C/ NOGUER,C/,C/,C/ NOGUER
C/ NORTE,C/ NORD,C/,C/,C/ NORD
C/ NOU D'OCTUBRE,C/ NOU D'OCTUBRE,C/,C/,C/ NOU D'OCTUBRE
C/ NTRA SRA DEL BUEN CONSEJO,C/ MARE DE DEU DEL BON CONSELL,C/,C/,C/ MARE DE DÉU DEL BON CONSELL
C/ NUM 1 BARRANC DEL GALLEGO,C/ NUM 1 BARRANC DEL GALLEGO,C/,C/,C/ NÚM 1 BARRANC DEL GALLEGO
C/ NUM 1 C BLANCA-C BARBETA,C/ NUM 1 C BLANCA-C BARBETA,C/,C/,C/ NÚM 1 C BLANCA-C BARBETA
C/ NUM 1 CANYADA A I BIRLET,C/ NUM 1 CANYADA A I BIRLET,C/,C/,C/ NÚM 1 CANYADA A I BIRLET
C/ NUM 1 CANYADA DEL CORRAL,C/ NUM 1 CANYADA DEL CORRAL,C/,C/,C/ NÚM 1 CANYADA DEL CORRAL
C/ NUM 1 CASETA DE LA PARDALA,C/ NUM 1 CASETA DE LA PARDALA,C/,C/,C/ NÚM 1 CASETA DE LA PARDALA
C/ NUM 1 CORRAL DE COCOTA,C/ NUM 1 CORRAL DE COCOTA,C/,C/,C/ NÚM 1 CORRAL DE COCOTA
C/ NUM 1 CORRAL DEL COLERO,C/ NUM 1 CORRAL DEL COLERO,C/,C/,C/ NÚM 1 CORRAL DEL COLERO
C/ NUM 1 CORRAL DEL MANYET,C/ NUM 1 CORRAL DEL MANYET,C/,C/,C/ NÚM 1 CORRAL DEL MANYET
C/ NUM 1 CORRAL DELS FRANXOS,C/ NUM 1 CORRAL DELS FRANXOS,C/,C/,C/ NÚM 1 CORRAL DELS FRANXOS
C/ NUM 1 FAJARDET,C/ NUM 1 FAJARDET,C/,C/,C/ NÚM 1 FAJARDET
C/ NUM 1 FONT DE LA TEULA,C/ NUM 1 FONT DE LA TEULA,C/,C/,C/ NÚM 1 FONT DE LA TEULA
C/ NUM 1 FONT DE MANYES,C/ NUM 1 FONT DE MANYES,C/,C/,C/ NÚM 1 FONT DE MANYES
C/ NUM 1 FONT DEL SAPO,C/ NUM 1 FONT DEL SAPO,C/,C/,C/ NÚM 1 FONT DEL SAPO
C/ NUM 1 LA VENTETA,C/ NUM 1 LA VENTETA,C/,C/,C/ NÚM 1 LA VENTETA
C/ NUM 1 L'HORTETA ALTA CAMP,C/ NUM 1 L'HORTETA ALTA CAMP,C/,C/,C/ NÚM 1 L'HORTETA ALTA CAMP
C/ NUM 1 MADRONYAL,C/ NUM 1 MADRONYAL,C/,C/,C/ NÚM 1 MADRONYAL
C/ NUM 1 MAS DE BARCOS,C/ NUM 1 MAS DE BARCOS,C/,C/,C/ NÚM 1 MAS DE BARCOS
C/ NUM 1 MAS DE PAVIA,C/ NUM 1 MAS DE PAVIA,C/,C/,C/ NÚM 1 MAS DE PAVIA
C/ NUM 1 MOLLO BLANC,C/ NUM 1 MOLLO BLANC,C/,C/,C/ NÚM 1 MOLLÓ BLANC
C/ NUM 1 NUCLEO 12,C/ NUM 1 CORRAL DEL COLERO,C/,C/,C/ NÚM 1 CORRAL DEL COLERO
C/ NUM 1 NUCLEO 33,C/ NUM 1 FONT DE MANYES,C/,C/,C/ NÚM 1 FONT DE MANYES
C/ NUM 1 POLIGONO INDUSTRIAL,C/ NUM 1 POLIGON INDUSTRIAL,C/,C/,C/ NÚM 1 POLIGON INDUSTRIAL
C/ NUM 1 RONDA ESTE,C/ NUM 1 RONDA ESTE,C/,C/,C/ NUM 1 RONDA ESTE
C/ NUM 1 UE BENISAET,C/ NUM 1 UE BENISSAET,C/,C/,C/ NÚM 1 UE BENISSAET
C/ NUM 10 CANYADA A I BIRLET,C/ NUM 10 CANYADA A I BIRLET,C/,C/,C/ NÚM 10 CANYADA A I BIRLET
C/ NUM 10 CASETA DE LA PARDALA,C/ NUM 10 CASETA DE LA PARDALA,C/,C/,C/ NÚM 10 CASETA DE LA PARDALA
C/ NUM 10 MADRONYAL,C/ NUM 10 MADRONYAL,C/,C/,C/ NÚM 10 MADRONYAL
C/ NUM 11 CANYADA A I BIRLET,C/ NUM 11 CANYADA A I BIRLET,C/,C/,C/ NÚM 11 CANYADA A I BIRLET
C/ NUM 11 CASETA DE LA PARDALA,C/ NUM 11 CASETA DE LA PARDALA,C/,C/,C/ NÚM 11 CASETA DE LA PARDALA
C/ NUM 12 CASETA DE LA PARDALA,C/ NUM 12 CASETA DE LA PARDALA,C/,C/,C/ NÚM 12 CASETA DE LA PARDALA
C/ NUM 12 MADRONYAL,C/ NUM 12 MADRONYAL,C/,C/,C/ NÚM 12 MADRONYAL
C/ NUM 13 CASETA DE LA PARDALA,C/ NUM 13 CASETA DE LA PARDALA,C/,C/,C/ NÚM 13 CASETA DE LA PARDALA
C/ NUM 13 MADRONYAL,C/ NUM 13 MADRONYAL,C/,C/,C/ NÚM 13 MADRONYAL
C/ NUM 14 CASETA DE LA PARDALA,C/ NUM 14 CASETA DE LA PARDALA,C/,C/,C/ NÚM 14 CASETA DE LA PARDALA
C/ NUM 15 CASETA DE LA PARDALA,C/ NUM 15 CASETA DE LA PARDALA,C/,C/,C/ NÚM 15 CASETA DE LA PARDALA
C/ NUM 16 CASETA DE LA PARDALA,C/ NUM 16 CASETA DE LA PARDALA,C/,C/,C/ NÚM 16 CASETA DE LA PARDALA
C/ NUM 2 BARRANC DEL GALLEGO,C/ NUM 2 BARRANC DEL GALLEGO,C/,C/,C/ NÚM 2 BARRANC DEL GALLEGO
C/ NUM 2 C BLANCA-C BARBETA,C/ NUM 2 C BLANCA-C BARBETA,C/,C/,C/ NÚM 2 C BLANCA-C BARBETA
C/ NUM 2 CANYADA A I BIRLET,C/ NUM 2 CANYADA A I BIRLET,C/,C/,C/ NÚM 2 CANYADA A I BIRLET
C/ NUM 2 CANYADA DEL CORRAL,C/ NUM 2 CANYADA DEL CORRAL,C/,C/,C/ NÚM 2 CANYADA DEL CORRAL
C/ NUM 2 CASETA DE LA PARDALA,C/ NUM 2 CASETA DE LA PARDALA,C/,C/,C/ NÚM 2 CASETA DE LA PARDALA
C/ NUM 2 CORRAL DE COCOTA,C/ NUM 2 CORRAL DE COCOTA,C/,C/,C/ NÚM 2 CORRAL DE COCOTA
C/ NUM 2 CORRAL DEL COLERO,C/ NUM 2 CORRAL DEL COLERO,C/,C/,C/ NÚM 2 CORRAL DEL COLERO
C/ NUM 2 CORRAL DEL MANYET,C/ NUM 2 CORRAL DEL MANYET,C/,C/,C/ NÚM 2 CORRAL DEL MANYET
C/ NUM 2 FONT DE MANYES,C/ NUM 2 FONT DE MANYES,C/,C/,C/ NÚM 2 FONT DE MANYES
C/ NUM 2 FONT DEL SAPO,C/ NUM 2 FONT DEL SAPO,C/,C/,C/ NÚM 2 FONT DEL SAPO
C/ NUM 2 L'HORTETA ALTA CAMP,C/ NUM 2 L'HORTETA ALTA CAMP,C/,C/,C/ NÚM 2 L'HORTETA ALTA CAMP
C/ NUM 2 MANYES-BARBETA,C/ NUM 2 MANYES-BARBETA,C/,C/,C/ NÚM 2 MANYES-BARBETA
C/ NUM 2 MAS DE BARCOS,C/ NUM 2 MAS DE BARCOS,C/,C/,C/ NÚM 2 MAS DE BARCOS
C/ NUM 2 MOLLO BLANC,C/ NUM 2 MOLLO BLANC,C/,C/,C/ NÚM 2 MOLLÓ BLANC
C/ NUM 2 MONTE REAL,C/ NUM 2 MONTE REAL,C/,C/,C/ NÚM 2 MONTE REAL
C/ NUM 2 RONDA ESTE,C/ NUM 2 RONDA EST,C/,C/,C/ NÚM 2 RONDA EST
C/ NUM 3 BARRANC DEL GALLEGO,C/ NUM 3 BARRANC DEL GALLEGO,C/,C/,C/ NÚM 3 BARRANC DEL GALLEGO
C/ NUM 3 C BLANCA-C BARBETA,C/ NUM 3 C BLANCA-C BARBETA,C/,C/,C/ NÚM 3 C BLANCA-C BARBETA
C/ NUM 3 CANYADA A I BIRLET,C/ NUM 3 CANYADA A I BIRLET,C/,C/,C/ NÚM 3 CANYADA A I BIRLET
C/ NUM 3 CASETA DE LA PARDALA,C/ NUM 3 CASETA DE LA PARDALA,C/,C/,C/ NÚM 3 CASETA DE LA PARDALA
C/ NUM 3 CORRAL DE COCOTA,C/ NUM 3 CORRAL DE COCOTA,C/,C/,C/ NÚM 3 CORRAL DE COCOTA
C/ NUM 3 CORRAL DELS FRANXOS,C/ NUM 3 CORRAL DELS FRANXOS,C/,C/,C/ NÚM 3 CORRAL DELS FRANXOS
C/ NUM 3 FONT DE LA CARRASQUERA,C/ NUM 3 FONT DE LA CARRASQUERA,C/,C/,C/ NÚM 3 FONT DE LA CARRASQUERA
C/ NUM 3 FONT DE MANYES,C/ NUM 3 FONT DE MANYES,C/,C/,C/ NÚM 3 FONT DE MANYES
C/ NUM 3 FONT DE MANYES,C/ NUM 3 FONT DE MANYES,C/,C/,C/ NÚM 3 FONT DE MANYES
C/ NUM 3 FONT DEL SAPO,C/ NUM 3 FONT DEL SAPO,C/,C/,C/ NÚM 3 FONT DEL SAPO
C/ NUM 3 LA VENTETA,C/ NUM 3 LA VENTETA,C/,C/,C/ NÚM 3 LA VENTETA
C/ NUM 3 L'HORTETA ALTA CAMP,C/ NUM 3 L'HORTETA ALTA CAMP,C/,C/,C/ NÚM 3 L'HORTETA ALTA CAMP
C/ NUM 3 MADRONYAL,C/ NUM 3 MADRONYAL,C/,C/,C/ NÚM 3 MADRONYAL
C/ NUM 3 MANYES-BARBETA,C/ NUM 3 MANYES-BARBETA,C/,C/,C/ NÚM 3 MANYES-BARBETA
C/ NUM 3 MAS DE BARCOS,C/ NUM 3 MAS DE BARCOS,C/,C/,C/ NÚM 3 MAS DE BARCOS
C/ NUM 3 MONTE REAL,C/ NUM 3 MONTE REAL,C/,C/,C/ NÚM 3 MONTE REAL
C/ NUM 3 RONDA ESTE,C/ NUM 3 RONDA ESTE,C/,C/,C/ NÚM 3 RONDA ESTE
C/ NUM 4 BARRANC DEL GALLEGO,C/ NUM 4 BARRANC DEL GALLEGO,C/,C/,C/ NÚM 4 BARRANC DEL GALLEGO
C/ NUM 4 C BLANCA C BARBETA,C/ NUM 4 C BLANCA C BARBETA,C/,C/,C/ NÚM 4 C BLANCA C BARBETA
C/ NUM 4 CANYADA A I BIRLET,C/ NUM 4 CANYADA A I BIRLET,C/,C/,C/ NÚM 4 CANYADA A I BIRLET
C/ NUM 4 CANYADA DEL CORRAL,C/ NUM 4 CANYADA DEL CORRAL,C/,C/,C/ NÚM 4 CANYADA DEL CORRAL
C/ NUM 4 CASETA DE LA PARDALA,C/ NUM 4 CASETA DE LA PARDALA,C/,C/,C/ NÚM 4 CASETA DE LA PARDALA
C/ NUM 4 CORRAL DE COCOTA,C/ NUM 4 CORRAL DE COCOTA,C/,C/,C/ NÚM 4 CORRAL DE COCOTA
C/ NUM 4 CORRAL DEL COLERO,C/ NUM 4 CORRAL DEL COLERO,C/,C/,C/ NÚM 4 CORRAL DEL COLERO
C/ NUM 4 CORRAL DEL MANYET,C/ NUM 4 CORRAL DEL MANYET,C/,C/,C/ NÚM 4 CORRAL DEL MANYET
C/ NUM 4 CORRAL DELS FRANXOS,C/ NUM 4 CORRAL DELS FRANXOS,C/,C/,C/ NÚM 4 CORRAL DELS FRANXOS
C/ NUM 4 FONT DE LA CARRASQUERA,C/ NUM 4 FONT DE LA CARRASQUERA,C/,C/,C/ NÚM 4 FONT DE LA CARRASQUERA
C/ NUM 4 FONT DE MANYES,C/ NUM 4 FONT DE MANYES,C/,C/,C/ NÚM 4 FONT DE MANYES
C/ NUM 4 FONT DEL SAPO,C/ NUM 4 FONT DEL SAPO,C/,C/,C/ NÚM 4 FONT DEL SAPO
C/ NUM 4 LA VENTETA,C/ NUM 4 LA VENTETA,C/,C/,C/ NÚM 4 LA VENTETA
C/ NUM 4 MADRONYAL,C/ NUM 4 MADRONYAL,C/,C/,C/ NÚM 4 MADRONYAL
C/ NUM 4 MANYES-BARBETA,C/ NUM 4 MANYES-BARBETA,C/,C/,C/ NÚM 4 MANYES-BARBETA
C/ NUM 4 MAS DE BARCOS,C/ NUM 4 MAS DE BARCOS,C/,C/,C/ NÚM 4 MAS DE BARCOS
C/ NUM 4 MOLLO BLANC,C/ NUM 4 MOLLO BLANC,C/,C/,C/ NÚM 4 MOLLÓ BLANC
C/ NUM 4 RONDA ESTE,C/ NUM 4 RONDA ESTE,C/,C/,C/ NÚM 4 RONDA ESTE
C/ NUM 5 BARRANC DEL GALLEGO,C/ NUM 5 BARRANC DEL GALLEGO,C/,C/,C/ NÚM 5 BARRANC DEL GALLEGO
C/ NUM 5 CANYADA A I BIRLET,C/ NUM 5 CANYADA A I BIRLET,C/,C/,C/ NÚM 5 CANYADA A I BIRLET
C/ NUM 5 CANYADA DEL CORRAL,C/ NUM 5 CANYADA DEL CORRAL,C/,C/,C/ NÚM 5 CANYADA DEL CORRAL
C/ NUM 5 CASETA DE LA PARDALA,C/ NUM 5 CASETA DE LA PARDALA,C/,C/,C/ NÚM 5 CASETA DE LA PARDALA
C/ NUM 5 CORRAL DE COCOTA,C/ NUM 5 CORRAL DE COCOTA,C/,C/,C/ NÚM 5 CORRAL DE COCOTA
C/ NUM 5 CORRAL DEL COLERO,C/ NUM 5 CORRAL DEL COLERO,C/,C/,C/ NÚM 5 CORRAL DEL COLERO
C/ NUM 5 FONT DE LA CARRASQUERA,C/ NUM 5 FONT DE LA CARRASQUERA,C/,C/,C/ NÚM 5 FONT DE LA CARRASQUERA
C/ NUM 5 FONT DE MANYES,C/ NUM 5 FONT DE MANYES,C/,C/,C/ NÚM 5 FONT DE MANYES
C/ NUM 5 MADRONYAL,C/ NUM 5 MADRONYAL,C/,C/,C/ NÚM 5 MADRONYAL
C/ NUM 5 MANYES-BARBETA,C/ NUM 5 MANYES-BARBETA,C/,C/,C/ NÚM 5 MANYES-BARBETA
C/ NUM 6 CANYADA A I BIRLET,C/ NUM 6 CANYADA A I BIRLET,C/,C/,C/ NÚM 6 CANYADA A I BIRLET
C/ NUM 6 CANYADA DEL CORRAL,C/ NUM 6 CANYADA DEL CORRAL,C/,C/,C/ NÚM 6 CANYADA DEL CORRAL
C/ NUM 6 CASETA DE LA PARDALA,C/ NUM 6 CASETA DE LA PARDALA,C/,C/,C/ NÚM 6 CASETA DE LA PARDALA
C/ NUM 6 CORRAL DE COCOTA,C/ NUM 6 CORRAL DE COCOTA,C/,C/,C/ NÚM 6 CORRAL DE COCOTA
C/ NUM 6 FONT DE MANYES,C/ NUM 6 FONT DE MANYES,C/,C/,C/ NÚM 6 FONT DE MANYES
C/ NUM 6 MADRONYAL,C/ NUM 6 MADRONYAL,C/,C/,C/ NÚM 6 MADRONYAL
C/ NUM 6 MANYES-BARBETA,C/ NUM 6 MANYES-BARBETA,C/,C/,C/ NÚM 6 MANYES-BARBETA
C/ NUM 6 MAS DE BARCOS,C/ NUM 6 MAS DE BARCOS,C/,C/,C/ NÚM 6 MAS DE BARCOS
C/ NUM 6 NUCLEO 23,C/ NUM 6 FONT DE LA CARRASQUERA,C/,C/,C/ NÚM 6 FONT DE LA CARRASQUERA
C/ NUM 7 BARRANC DEL GALLEGO,C/ NUM 7 BARRANC DEL GALLEGO,C/,C/,C/ NÚM 7 BARRANC DEL GALLEGO
C/ NUM 7 CANYADA A I BIRLET,C/ NUM 7 CANYADA A I BIRLET,C/,C/,C/ NÚM 7 CANYADA A I BIRLET
C/ NUM 7 CASETA DE LA PARDALA,C/ NUM 7 CASETA DE LA PARDALA,C/,C/,C/ NÚM 7 CASETA DE LA PARDALA
C/ NUM 7 CORRAL DE COCOTA,C/ NUM 7 CORRAL DE COCOTA,C/,C/,C/ NÚM 7 CORRAL DE COCOTA
C/ NUM 7 FONT DE MANYES,C/ NUM 7 FONT DE MANYES,C/,C/,C/ NÚM 7 FONT DE MANYES
C/ NUM 7 MADRONYAL,C/ NUM 7 MADRONYAL,C/,C/,C/ NÚM 7 MADRONYAL
C/ NUM 8 CANYADA A I BIRLET,C/ NUM 8 CANYADA A I BIRLET,C/,C/,C/ NÚM 8 CANYADA A I BIRLET
C/ NUM 8 CASETA DE LA PARDALA,C/ NUM 8 CASETA DE LA PARDALA,C/,C/,C/ NÚM 8 CASETA DE LA PARDALA
C/ NUM 8 FONT DE MANYES,C/ NUM 8 FONT DE MANYES,C/,C/,C/ NÚM 8 FONT DE MANYES
C/ NUM 8 MADRONYAL,C/ NUM 8 MADRONYAL,C/,C/,C/ NÚM 8 MADRONYAL
C/ NUM 9 CANYADA A I BIRLET,C/ NUM 9 CANYADA A I BIRLET,C/,C/,C/ NÚM 9 CANYADA A I BIRLET
C/ NUM 9 CASETA DE LA PARDALA,C/ NUM 9 CASETA DE LA PARDALA,C/,C/,C/ NÚM 9 CASETA DE LA PARDALA
C/ NUM 9 MADRONYAL,C/ NUM 9 MADRONYAL,C/,C/,C/ NÚM 9 MADRONYAL
C/ NUM H4 UE 7.11,C/ NUM H4 UE 7.11,C/,C/,C/ NÚM H4 UE 7.11
C/ NUM H7 UE 7.11,C/ NUM H7 UE 7.11,C/,C/,C/ NÚM H7 UE 7.11
C/ NUM.1 UNITAT D'EXECUCIO 7.10,C/ NUM.1 UNITAT D'EXECUCIO 7.10,C/,C/,C/ NÚM.1 UNITAT D'EXECUCIÓ 7.10
C/ NUMERO 10 CALICANTO,C/ NUMERO 10 CALICANTO,C/,C/,C/ NÚMERO 10 CALICANTO
C/ NUMERO 2 CALICANTO,C/ NUMERO 2 CALICANTO,C/,C/,C/ NÚMERO 2 CALICANTO
C/ NUMERO 3 CALICANTO,C/ NUMERO 3 CALICANTO,C/,C/,C/ NÚMERO 3 CALICANTO
C/ NUMERO 4 CALICANTO,C/ NUMERO 4 CALICANTO,C/,C/,C/ NÚMERO 4 CALICANTO
C/ NUMERO 5 CALICANTO,C/ NUMERO 5 CALICANTO,C/,C/,C/ NÚMERO 5 CALICANTO
C/ NUMERO 6 CALICANTO,C/ NUMERO 6 CALICANTO,C/,C/,C/ NÚMERO 6 CALICANTO
C/ NUMERO 8 CALICANTO,C/ NUMERO 8 CALICANTO,C/,C/,C/ NÚMERO 8 CALICANTO
C/ NUÑEZ DE BALBOA,C/ NUÑEZ DE BALBOA,C/,C/,C/ NUÑEZ DE BALBOA
C/ OLLERS, DELS,C/ OLLERS,C/,C/,C/ OLLERS
C/ OLMO, EL,C/ OM,C/,C/,C/ OM
C/ ONTENIENTE,C/ ONTINYENT,C/,C/,C/ ONTINYENT
C/ ORFEO DEL CERCLE CATOLIC,C/ ORFEO DEL CERCLE CATOLIC,C/,C/,C/ ORFEÓ DEL CERCLE CATÒLIC
C/ ORQUIDEA,C/ ORQUIDEA,C/,C/,C/ ORQUÍDEA
C/ OVIDI MONTLLOR,C/ OVIDI MONTLLOR,C/,C/,C/ OVIDI MONTLLOR
C/ PABLO NERUDA,C/ PABLO NERUDA,C/,C/,C/ PABLO NERUDA
C/ PADRE COLOMA,C/ PARE COLOMA,C/,C/,C/ PARE COLOMA
C/ PADRE DAMIAN,C/ PARE DAMIAN,C/,C/,C/ PARE DAMIÁN
C/ PADRE FEIJOO,C/ PARE FEIJOO,C/,C/,C/ PARE FEIJOO
C/ PADRE FERNANDO,C/ PARE FERNANDO,C/,C/,C/ PARE FERNANDO
C/ PADRE FULLANA,C/ PARE FULLANA,C/,C/,C/ PARE FULLANA
C/ PADRE MENDEZ,C/ PARE MENDEZ,C/,C/,C/ PARE MÉNDEZ
C/ PADRE VICENTE CABANES,C/ PARE VICENTE CABANES,C/,C/,C/ PARE VICENTE CABANES
C/ PADRE VICENTE LOZANO ARRUE,C/ PARE VICENTE LOZANO ARRUE,C/,C/,C/ PARE VICENTE LOZANO ARRÚE
C/ PAIPORTA,C/ PAIPORTA,C/,C/,C/ PAIPORTA
C/ PALACIO VALDES,C/ PALACIO VALDES,C/,C/,C/ PALACIO VALDÉS
C/ PALLETER, EL,C/ PALLETER,C/,C/,C/ PALLETER
C/ PALMERAS, LAS,C/ PALMERES,C/,C/,C/ PALMERES
C/ PALMITERS, DELS,C/ PALMITERS,C/,C/,C/ PALMITERS
C/ PARED DECANTA, DE LA,C/ PARET DECANTADA,C/,C/,C/ PARET DECANTADA
C/ PARRA, LA,C/ PARRA,C/,C/,C/ PARRA
C/ PARTICULAR,C/ PARTICULAR,C/,C/,C/ PARTICULAR
C/ PASCUAL ROMERO,C/ PASQUAL ROMERO,C/,C/,C/ PASQUAL ROMERO
C/ PASCUAL Y GENIS,C/ PASCUAL Y GENIS,C/,C/,C/ PASCUAL Y GENÍS
C/ PATIO DE LOS ANGELES,C/ PATI DELS ANGELS,C/,C/,C/ PATI DELS ÀNGELS
C/ PEKIN'08,C/ PEQUIN-08,C/,C/,C/ PEQUÍN-08
C/ PERELLO, EL,C/ PERELLO,C/,C/,C/ PERELLÓ
C/ PERELLONET, EL,C/ PERELLONET,C/,C/,C/ PERELLONET
C/ PERERA, DE LA,C/ PERERA,C/,C/,C/ PERERA
C/ PERIS Y VALERO,C/ PERIS Y VALERO,C/,C/,C/ PERIS Y VALERO
C/ PERU,C/ PERU,C/,C/,C/ PERÚ
C/ PICANYA,C/ PICANYA,C/,C/,C/ PICANYA
C/ PICASSENT,C/ PICASSENT,C/,C/,C/ PICASSENT
C/ PINEDO,C/ PINEDO,C/,C/,C/ PINEDO
C/ PINO, EL,C/ PI,C/,C/,C/ PI
C/ PINTOR ALEX ALEMANY,C/ PINTOR ALEX ALEMANY,C/,C/,C/ PINTOR ÁLEX ALEMANY
C/ PINTOR BENEDITO,C/ PINTOR BENEDITO,C/,C/,C/ PINTOR BENEDITO
C/ PINTOR CALO CARRATALA,C/ PINTOR CALO CARRATALA,C/,C/,C/ PINTOR CALO CARRATALÁ
C/ PINTOR FRANCISCO DOMINGO,C/ PINTOR FRANCISCO DOMINGO,C/,C/,C/ PINTOR FRANCISCO DOMINGO
C/ PINTOR FRANCISCO LOZANO,C/ PINTOR FRANCISCO LOZANO,C/,C/,C/ PINTOR FRANCISCO LOZANO
C/ PINTOR GENARO LAHUERTA,C/ PINTOR GENARO LAHUERTA,C/,C/,C/ PINTOR GENARO LAHUERTA
C/ PINTOR GENARO PALAU,C/ PINTOR GENARO PALAU,C/,C/,C/ PINTOR GENARO PALAU
C/ PINTOR GENOVES,C/ PINTOR GENOVES,C/,C/,C/ PINTOR GENOVÉS
C/ PINTOR GISBERT,C/ PINTOR GISBERT,C/,C/,C/ PINTOR GISBERT
C/ PINTOR JAVIER ALMENAR BESO,C/ PINTOR JAVIER ALMENAR BESO,C/,C/,C/ PINTOR JAVIER ALMENAR BESÓ
C/ PINTOR JUAN REUS,C/ PINTOR JOAN REUS,C/,C/,C/ PINTOR JOAN REUS
C/ PINTOR LUIS ARCAS,C/ PINTOR LUIS ARCAS,C/,C/,C/ PINTOR LUIS ARCAS
C/ PINTOR MARIANO MAELLA,C/ PINTOR MARIANO MAELLA,C/,C/,C/ PINTOR MARIANO MAELLA
C/ PINTOR MIRO,C/ PINTOR MIRO,C/,C/,C/ PINTOR MIRÓ
C/ PINTOR PABLO PICASSO,C/ PINTOR PABLO PICASSO,C/,C/,C/ PINTOR PABLO PICASSO
C/ PINTOR PEDRO CAMARA,C/ PINTOR PEDRO CAMARA,C/,C/,C/ PINTOR PEDRO CÁMARA
C/ PINTOR PEDRO DE VALENCIA,C/ PINTOR PEDRO DE VALENCIA,C/,C/,C/ PINTOR PEDRO DE VALENCIA
C/ PINTOR PEIRO,C/ PINTOR PEIRO,C/,C/,C/ PINTOR PEIRÓ
C/ PINTOR PINAZO,C/ PINTOR PINAZO,C/,C/,C/ PINTOR PINAZO
C/ PINTOR RAMON CABRELLES MORA,C/ PINTOR RAMON CABRELLES MORA,C/,C/,C/ PINTOR RAMÓN CABRELLES MORA
C/ PINTOR RAMON STOLZ,C/ PINTOR RAMON STOLZ,C/,C/,C/ PINTOR RAMON STOLZ
C/ PINTOR RENAU,C/ PINTOR RENAU,C/,C/,C/ PINTOR RENAU
C/ PINTOR RIBALTA,C/ PINTOR RIBALTA,C/,C/,C/ PINTOR RIBALTA
C/ PINTOR RIBERA,C/ PINTOR RIBERA,C/,C/,C/ PINTOR RIBERA
C/ PINTOR SALVADOR ABRIL,C/ PINTOR SALVADOR ABRIL,C/,C/,C/ PINTOR SALVADOR ABRIL
C/ PINTOR SALVADOR DALI,C/ PINTOR SALVADOR DALI,C/,C/,C/ PINTOR SALVADOR DALÍ
C/ PINTOR SEGRELLES,C/ PINTOR SEGRELLES,C/,C/,C/ PINTOR SEGRELLES
C/ PINTOR ZARIÑENA,C/ PINTOR ZARIÑENA,C/,C/,C/ PINTOR ZARIÑENA
C/ PINZON,C/ PINZON,C/,C/,C/ PINZÓN
C/ PIO BAROJA,C/ PIO BAROJA,C/,C/,C/ PÍO BAROJA
C/ PIO XII,C/ PIUS XII,C/,C/,C/ PIUS XII
"C/ PIROTECNIC ""CAFIS""","C/ PIROTECNIC ""CAFIS""",C/,C/,"C/ PIROTÈCNIC ""CAFÍS"""
C/ PIZARRO,C/ PIZARRO,C/,C/,C/ PIZARRO
C/ PLA, EL,C/ PLA,C/,C/,C/ PLA
C/ POETA FRANCISCO BRINES,C/ POETA FRANCISCO BRINES,C/,C/,C/ POETA FRANCISCO BRINES
C/ POETA JOSE ESPRONCEDA,C/ POETA JOSE ESPRONCEDA,C/,C/,C/ POETA JOSÉ ESPRONCEDA
C/ POETA QUEROL,C/ POETA QUEROL,C/,C/,C/ POETA QUEROL
C/ POLICIA LOCAL, DE LA,C/ POLICIA LOCAL,C/,C/,C/ POLICIA LOCAL
C/ POLIESPORTIU, DEL,C/ POLIESPORTIU,C/,C/,C/ POLIESPORTIU
C/ PRACTICANT P. PARRILLA,C/ PRACTICANT P. PARRILLA,C/,C/,C/ PRACTICANT P. PARRILLA
C/ PRIMADO PLA Y DENIEL,C/ PRIMAT PLA I DENIEL,C/,C/,C/ PRIMAT PLA I DENIEL
C/ PRIMADO REIG,C/ PRIMAT REIG,C/,C/,C/ PRIMAT REIG
C/ PRIMAVERA, LA,C/ PRIMAVERA,C/,C/,C/ PRIMAVERA
C/ PROFESOR IDILIO GIMENO,C/ PROFESSOR IDILIO GIMENO,C/,C/,C/ PROFESSOR IDILIO GIMENO
C/ PROFETA DANIEL,C/ PROFETA DANIEL,C/,C/,C/ PROFETA DANIEL
C/ PROLONGACIÓN ALCALÁ GALIANO,C/ PROLONGACIÓ ALCALÁ GALIANO,C/,C/,C/ PROLONGACIÓ ALCALÁ GALIANO
C/ PROLONGACION CARLET,C/ PROLONGACIO CARLET,C/,C/,C/ PROLONGACIÓ CARLET
C/ PURISIMA, LA,C/ PURISSIMA,C/,C/,C/ PURÍSSIMA
C/ PUZOL,C/ PUÇOL,C/,C/,C/ PUÇOL
C/ RAFAEL ALBERTI,C/ RAFAEL ALBERTI,C/,C/,C/ RAFAEL ALBERTI
C/ RAFAEL GONZALEZ BALDOVI,C/ RAFAEL GONZALEZ BALDOVI,C/,C/,C/ RAFAEL GONZÁLEZ BALDOVÍ
C/ RAJOLERS, DELS,C/ RAJOLERS,C/,C/,C/ RAJOLERS
C/ RAMIRO DE MAEZTU,C/ RAMIRO DE MAEZTU,C/,C/,C/ RAMIRO DE MAEZTU
C/ RAMON MENENDEZ PIDAL,C/ RAMON MENENDEZ PIDAL,C/,C/,C/ RAMÓN MENÉNDEZ PIDAL
C/ RAMON Y CAJAL,C/ RAMON Y CAJAL,C/,C/,C/ RAMÓN Y CAJAL
C/ REI ALFONS EL SAVI,C/ REI ALFONS EL SAVI,C/,C/,C/ REI ALFONS EL SAVI
C/ REI MARTI L'HUMA,C/ REI MARTI L'HUMA,C/,C/,C/ REI MARTÍ L'HUMÀ
C/ REI PERE EL CEREMONIOS,C/ REI PERE EL CEREMONIOS,C/,C/,C/ REI PERE EL CEREMONIÓS
C/ REINAS, DE LAS,C/ REINES,C/,C/,C/ REINES
C/ REQUENA,C/ REQUENA,C/,C/,C/ REQUENA
C/ REY DON JAIME,C/ REI EN JAUME,C/,C/,C/ REI EN JAUME
C/ REYES CATOLICOS,C/ REIS CATOLICS,C/,C/,C/ REIS CATÒLICS
C/ RIBERA, LA,C/ LA RIBERA,C/,C/,C/ LA RIBERA
C/ RICARDO CERVERA CHULIA,C/ RICARDO CERVERA CHULIA,C/,C/,C/ RICARDO CERVERA CHULIÁ
C/ RIO EBRO,C/ RIU EBRE,C/,C/,C/ RIU EBRE
C/ RIU CABRIEL,C/ RIU CABRIOL,C/,C/,C/ RIU CABRIOL
C/ RIU CANYOLES,C/ RIU CANYOLES,C/,C/,C/ RIU CÀNYOLES
C/ RIU CERVOL,C/ RIU CERVOL,C/,C/,C/ RIU CERVOL
C/ RIU MAGRE,C/ RIU MAGRE,C/,C/,C/ RIU MAGRE
C/ RIU MILLARS,C/ RIU MILLARS,C/,C/,C/ RIU MILLARS
C/ RIU PALANCIA,C/ RIU PALANCIA,C/,C/,C/ RIU PALÀNCIA
C/ RIU SEGURA,C/ RIU SEGURA,C/,C/,C/ RIU SEGURA
C/ RIU SERPIS,C/ RIU SERPIS,C/,C/,C/ RIU SERPIS
C/ RIU TURIA,C/ RIU TURIA,C/,C/,C/ RIU TÚRIA
C/ RIU VINALOPO,C/ RIU VINALOPO,C/,C/,C/ RIU VINALOPÓ
C/ RIU XUQUER,C/ RIU XUQUER,C/,C/,C/ RIU XÚQUER
C/ ROCIO,C/ ROSADA,C/,C/,C/ ROSADA
C/ ROGER DE LAURIA,C/ ROGER DE LLURIA,C/,C/,C/ ROGER DE LLÚRIA
C/ ROMA,C/ ROMA,C/,C/,C/ ROMA
C/ ROMER, DEL,C/ ROMER,C/,C/,C/ ROMER
C/ RONCESVALLES,C/ RONCESVALLS,C/,C/,C/ RONCESVALLS
C/ ROS,C/ ROS,C/,C/,C/ ROS
C/ ROSALEDA,C/ ROSERAR,C/,C/,C/ ROSERAR
C/ ROSALIA DE CASTRO,C/ ROSALIA DE CASTRO,C/,C/,C/ ROSALÍA DE CASTRO
C/ ROSELLA,C/ ROSELLA,C/,C/,C/ ROSELLA
C/ ROSENDO MONTORO,C/ ROSENDO MONTORO,C/,C/,C/ ROSENDO MONTORO
C/ ROURE, DEL,C/ ROURE,C/,C/,C/ ROURE
C/ RUBEN DARIO,C/ RUBEN DARIO,C/,C/,C/ RUBÉN DARÍO
C/ RUISEÑOR, EL,C/ ROSSINYOL,C/,C/,C/ ROSSINYOL
C/ SABATERS, DELS,C/ SABATERS,C/,C/,C/ SABATERS
C/ SAFOR, LA,C/ LA SAFOR,C/,C/,C/ LA SAFOR
C/ SAGRA,C/ SAGRA,C/,C/,C/ SAGRA
C/ SAGUNTO,C/ SAGUNT,C/,C/,C/ SAGUNT
C/ SALAMANCA,C/ SALAMANCA,C/,C/,C/ SALAMANCA
C/ SALVADOR, EL,C/ EL SALVADOR,C/,C/,C/ EL SALVADOR
C/ SALVIA, DE LA,C/ SALVIA,C/,C/,C/ SÀLVIA
C/ SAN AGUSTIN,C/ SANT AGUSTI,C/,C/,C/ SANT AGUSTÍ
C/ SAN ALEJANDRO,C/ SANT ALEXANDRE,C/,C/,C/ SANT ALEXANDRE
C/ SAN ALFREDO,C/ SANT ALFRED,C/,C/,C/ SANT ALFRED
C/ SAN AMADOR,C/ SANT AMADOR,C/,C/,C/ SANT AMADOR
C/ SAN ANTONIO ABAD,C/ SANT ANTONI ABAT,C/,C/,C/ SANT ANTONI ABAT
C/ SAN ANTONIO DE PADUA,C/ SANT ANTONI DE PADUA,C/,C/,C/ SANT ANTONI DE PÀDUA
C/ SAN BLAS,C/ SANT BLAI,C/,C/,C/ SANT BLAI
C/ SAN CARLOS,C/ SANT CARLES,C/,C/,C/ SANT CARLES
C/ SAN CAYETANO,C/ SANT GAIETA,C/,C/,C/ SANT GAIETÀ
C/ SAN COSME,C/ SANT COSME,C/,C/,C/ SANT COSME
C/ SAN CRISTOBAL,C/ SANT CRISTOFOL,C/,C/,C/ SANT CRISTÒFOL
C/ SAN DIEGO,C/ SANT DIDAC,C/,C/,C/ SANT DÍDAC
C/ SAN ENRIQUE,C/ SANT ENRIC,C/,C/,C/ SANT ENRIC
C/ SAN ERNESTO,C/ SANT ERNEST,C/,C/,C/ SANT ERNEST
C/ SAN ESTANISLAO,C/ SANT ESTANISLAU,C/,C/,C/ SANT ESTANISLAU
C/ SAN EZEQUIEL,C/ SANT EZEQUIEL,C/,C/,C/ SANT EZEQUIEL
C/ SAN FELIX,C/ SANT FELIX,C/,C/,C/ SANT FÈLIX
C/ SAN FERMIN,C/ SANT FERMI,C/,C/,C/ SANT FERMÍ
C/ SAN FERNANDO,C/ SANT FERRAN,C/,C/,C/ SANT FERRAN
C/ SAN FRANCISCO,C/ SANT FRANCESC,C/,C/,C/ SANT FRANCESC
C/ SAN GERARDO,C/ SANT GERARD,C/,C/,C/ SANT GERARD
C/ SAN GREGORIO,C/ SANT GREGORI,C/,C/,C/ SANT GREGORI
C/ SAN HERMENEGILDO,C/ SANT HERMENEGILD,C/,C/,C/ SANT HERMENEGILD
C/ SAN HILARIO,C/ SANT HILARI,C/,C/,C/ SANT HILARI
C/ SAN ISIDRO,C/ SANT ISIDRE,C/,C/,C/ SANT ISIDRE
C/ SAN JERONIMO,C/ SANT JERONI,C/,C/,C/ SANT JERONI
C/ SAN JOAQUIN,C/ SANT JOAQUIM,C/,C/,C/ SANT JOAQUIM
C/ SAN JOSE,C/ SANT JOSEP,C/,C/,C/ SANT JOSEP
C/ SAN JUAN BAUTISTA,C/ SANT JOAN BAPTISTA,C/,C/,C/ SANT JOAN BAPTISTA
C/ SAN JUAN DE LA CRUZ,C/ SANT JOAN DE LA CREU,C/,C/,C/ SANT JOAN DE LA CREU
C/ SAN JUAN DE LA PEÑA,C/ SANT JOAN DE LA PENYA,C/,C/,C/ SANT JOAN DE LA PENYA
C/ SAN JUAN DE RIBERA,C/ SANT JOAN DE RIBERA,C/,C/,C/ SANT JOAN DE RIBERA
C/ SAN JUAN EVANGELISTA,C/ SANT JOAN EVANGELISTA,C/,C/,C/ SANT JOAN EVANGELISTA
C/ SAN JUSTO,C/ SANT JUST,C/,C/,C/ SANT JUST
C/ SAN LUIS BELTRAN,C/ SANT LLUIS BERTRAN,C/,C/,C/ SANT LLUÍS BERTRAN
C/ SAN MANUEL,C/ SANT MANUEL,C/,C/,C/ SANT MANUEL
C/ SAN MARCELINO,C/ SANT MARCEL·LI,C/,C/,C/ SANT MARCEL·LÍ
C/ SAN MIGUEL,C/ SANT MIQUEL,C/,C/,C/ SANT MIQUEL
C/ SAN NICOLAS,C/ SANT NICOLAU,C/,C/,C/ SANT NICOLAU
C/ SAN ONOFRE,C/ SANT ONOFRE,C/,C/,C/ SANT ONOFRE
C/ SAN PABLO,C/ SANT PAU,C/,C/,C/ SANT PAU
C/ SAN PANCRACIO,C/ SANT PANCRAÇ,C/,C/,C/ SANT PANCRAÇ
C/ SAN PEDRO ALCANTARA,C/ SANT PERE D'ALCANTERA,C/,C/,C/ SANT PERE D'ALCÀNTERA
C/ SAN PEDRO MARTIR,C/ SANT PERE MARTIR,C/,C/,C/ SANT PERE MÀRTIR
C/ SAN PERFECTO,C/ SANT PERFECTE,C/,C/,C/ SANT PERFECTE
C/ SAN RAFAEL,C/ SANT RAFEL,C/,C/,C/ SANT RAFEL
C/ SAN RAIMUNDO DE PEÑAFORT,C/ SANT RAIMON DE PENYAFORT,C/,C/,C/ SANT RAIMON DE PENYAFORT
C/ SAN RAMON,C/ SANT RAMON,C/,C/,C/ SANT RAMON
C/ SAN URBANO,C/ SANT URBA,C/,C/,C/ SANT URBÀ
C/ SAN VALERIANO,C/ SANT VALERIA,C/,C/,C/ SANT VALERIÀ
C/ SAN VICENTE FERRER,C/ SANT VICENT FERRER,C/,C/,C/ SANT VICENT FERRER
C/ SANTA AMALIA,C/ SANTA AMALIA,C/,C/,C/ SANTA AMÀLIA
C/ SANTA ANA,C/ SANTA ANNA,C/,C/,C/ SANTA ANNA
C/ SANTA BARBARA,C/ SANTA BARBARA,C/,C/,C/ SANTA BÀRBARA
C/ SANTA CATALINA,C/ SANTA CATERINA,C/,C/,C/ SANTA CATERINA
C/ SANTA CECILIA,C/ SANTA CECILIA,C/,C/,C/ SANTA CECÍLIA
C/ SANTA GEMA,C/ SANTA GEMMA,C/,C/,C/ SANTA GEMMA
C/ SANTA GENOVEVA,C/ SANTA GENOVEVA,C/,C/,C/ SANTA GENOVEVA
C/ SANTA LUCIA,C/ SANTA LLUCIA,C/,C/,C/ SANTA LLÚCIA
C/ SANTA MAGDALENA,C/ SANTA MAGDALENA,C/,C/,C/ SANTA MAGDALENA
C/ SANTA MARIA MAZZARELLO,C/ SANTA MARIA MAZZARELLO,C/,C/,C/ SANTA MARÍA MAZZARELLO
C/ SANTA MARIA MAZZARELLO,C/ SANTA MARIA MAZZARELLO,C/,C/,C/ SANTA MARIA MAZZARELLO
C/ SANTA MARTA,C/ SANTA MARTA,C/,C/,C/ SANTA MARTA
C/ SANTA RITA,C/ SANTA RITA,C/,C/,C/ SANTA RITA
C/ SANTA ROSA DE LIMA,C/ SANTA ROSA DE LIMA,C/,C/,C/ SANTA ROSA DE LIMA
C/ SANTA TERESA,C/ SANTA TERESA,C/,C/,C/ SANTA TERESA
C/ SANTA TERESITA,C/ SANTA TERESETA,C/,C/,C/ SANTA TERESETA
C/ SANTANDER,C/ SANTANDER,C/,C/,C/ SANTANDER
C/ SANTIAGO DE COMPOSTELA,C/ SANTIAGO DE COMPOSTEL·LA,C/,C/,C/ SANTIAGO DE COMPOSTEL·LA
C/ SANTISIMA TRINIDAD,C/ SANTISSIMA TRINITAT,C/,C/,C/ SANTÍSSIMA TRINITAT
C/ SANTISIMO CRISTO,C/ SANTISSIM CRIST,C/,C/,C/ SANTÍSSIM CRIST
C/ SANTO DOMINGO,C/ SANT DOMENEC,C/,C/,C/ SANT DOMÉNEC
C/ SANTO TOMAS,C/ SANT TOMAS,C/,C/,C/ SANT TOMÀS
C/ SANTOS PATRONOS,C/ SANTS PATRONS,C/,C/,C/ SANTS PATRONS
C/ SAUCE, EL,C/ SALZE,C/,C/,C/ SALZE
C/ SEDAVI,C/ SEDAVI,C/,C/,C/ SEDAVÍ
C/ SEGORBE,C/ SOGORB,C/,C/,C/ SOGORB
C/ SEGOVIA,C/ SEGOVIA,C/,C/,C/ SEGÒVIA
C/ SERRANS, DELS,C/ SERRANS,C/,C/,C/ SERRANS
C/ SEUL'88,C/ SEÜL-88,C/,C/,C/ SEÜL-88
C/ SIDNEY'00,C/ SIDNEY-00,C/,C/,C/ SIDNEY-00
C/ SILLA,C/ SILLA,C/,C/,C/ SILLA
C/ SIMANCAS,C/ SIMANCAS,C/,C/,C/ SIMANCAS
C/ SOL, DEL,C/ SOL,C/,C/,C/ SOL
C/ SOLLANA,C/ SOLLANA,C/,C/,C/ SOLLANA
C/ SOMBRERERS, DELS,C/ CAPELLERS,C/,C/,C/ CAPELLERS
C/ SONIA CARRERAS,C/ SONIA CARRERAS,C/,C/,C/ SONIA CARRERAS
C/ SORIA,C/ SORIA,C/,C/,C/ SÒRIA
C/ SOROLLA,C/ SOROLLA,C/,C/,C/ SOROLLA
C/ SUECA,C/ SUECA,C/,C/,C/ SUECA
C/ TARONGINA, DE LA,C/ TARONGINA,C/,C/,C/ TARONGINA
C/ TEIXIDORS, DELS,C/ TEIXIDORS,C/,C/,C/ TEIXIDORS
C/ TENERIFE,C/ TENERIFE,C/,C/,C/ TENERIFE
C/ TEODORO LLORENT,C/ TEODOR LLORENTE,C/,C/,C/ TEODOR LLORENTE
C/ TERUEL,C/ TEROL,C/,C/,C/ TEROL
C/ TILO, EL,C/ TIL·LER,C/,C/,C/ TIL·LER
C/ TIMO, DEL,C/ TIMO,C/,C/,C/ TIMÓ
C/ TINTORERS, DELS,C/ TINTORERS,C/,C/,C/ TINTORERS
C/ TIRANT LO BLANC,C/ TIRANT LO BLANC,C/,C/,C/ TIRANT LO BLANC
C/ TIRSO DE MOLINA,C/ TIRSO DE MOLINA,C/,C/,C/ TIRSO DE MOLINA
C/ TOKIO'64,C/ TOQUIO-64,C/,C/,C/ TÒQUIO-64
C/ TOLEDO,C/ TOLEDO,C/,C/,C/ TOLEDO
C/ TOLL-L'ALBERCA CALLE B,C/ TOLL-L'ALBERCA CARRER B,C/,C/,C/ TOLL-L'ALBERCA CARRER B
C/ TOLL-L'ALBERCA CALLE C,C/ TOLL-L'ALBERCA CARRER C,C/,C/,C/ TOLL-L'ALBERCA CARRER C
C/ TOLL-L'ALBERCA CALLE D,C/ TOLL-L'ALBERCA CARRER D,C/,C/,C/ TOLL-L'ALBERCA CARRER D
C/ TOLL-L'ALBERCA CALLE E,C/ TOLL-L'ALBERCA CARRER E,C/,C/,C/ TOLL-L'ALBERCA CARRER E
C/ TOLL-L'ALBERCA CALLE F,C/ TOLL-L'ALBERCA CARRER  F,C/,C/,C/ TOLL-L'ALBERCA CARRER  F
C/ TOLL-L'ALBERCA CALLE G,C/ TOLL-L'ALBERCA CARRER G,C/,C/,C/ TOLL-L'ALBERCA CARRER G
C/ TOLL-L'ALBERCA CALLE H,C/ TOLL-L'ALBERCA CARRER H,C/,C/,C/ TOLL-L'ALBERCA CARRER H
C/ TOLL-L'ALBERCA CALLE I,C/ TOLL-L'ALBERCA CARRER I,C/,C/,C/ TOLL-L'ALBERCA CARRER I
C/ TOLL-L'ALBERCA CALLE J,C/ TOLL-L'ALBERCA CARRER J,C/,C/,C/ TOLL-L'ALBERCA CARRER J
C/ TOLL-L'ALBERCA CALLE K,C/ TOLL-L'ALBERCA CARRER K,C/,C/,C/ TOLL-L'ALBERCA CARRER K
C/ TOLL-L'ALBERCA CALLE L,C/ TOLL-L'ALBERCA CARRER L,C/,C/,C/ TOLL-L'ALBERCA CARRER L
C/ TOMAS MIQUEL,C/ TOMAS MIQUEL,C/,C/,C/ TOMÀS MIQUEL
C/ TONELLET,C/ TONELLET,C/,C/,C/ TONELLET
C/ TORNS,C/ TORNS,C/,C/,C/ TORNS
C/ TRAFALGAR,C/ TRAFALGAR,C/,C/,C/ TRAFALGAR
C/ TRAGINERS, DELS,C/ TRAGINERS,C/,C/,C/ TRAGINERS
C/ TRAVESIA LA LUNA,C/ TRAVESSIA LA LLUNA,C/,C/,C/ TRAVESSIA LA LLUNA
C/ TREBALLADORS,C/ TREBALLADORS,C/,C/,C/ TREBALLADORS
C/ TURIS,C/ TORIS,C/,C/,C/ TORÍS
C/ URB. MAS DE LA MONTAÑETA,C/ URBANITZACIO MAS DE LA MUNTANYETA,C/,C/,C/ URBANITZACIÓ MAS DE LA MUNTANYETA
C/ UTIEL,C/ UTIEL,C/,C/,C/ UTIEL
C/ V CENTENARIO,C/ CINQUE CENTENARI,C/,C/,C/ CINQUÉ CENTENARI
C/ VALENCIA,C/ VALENCIA,C/,C/,C/ VALÈNCIA
C/ VALENTIN PLANELLS,C/ VALENTI PLANELLS,C/,C/,C/ VALENTÍ PLANELLS
C/ VALLE-INCLAN,C/ VALLE-INCLAN,C/,C/,C/ VALLE-INCLÁN
C/ VASCO DE GAMA,C/ VASCO DE GAMA,C/,C/,C/ VASCO DE GAMA
C/ VEDAT ZONA 1,C/ VEDAT ZONA 1,C/,C/,C/ VEDAT ZONA 1
C/ VELAZQUEZ,C/ VELAZQUEZ,C/,C/,C/ VELÁZQUEZ
C/ VELLUTERS, DELS,C/ VELLUTERS,C/,C/,C/ VELLUTERS
C/ VENECIA,C/ VENECIA,C/,C/,C/ VENÈCIA
C/ VICENT ANDRES ESTELLES,C/ VICENT ANDRES ESTELLES,C/,C/,C/ VICENT ANDRÉS ESTELLÉS
C/ VICENT GALBIS,C/ VICENT GALBIS,C/,C/,C/ VICENT GALBIS
C/ VICENT GONZALEZ LIZONDO,C/ VICENT GONZALEZ LIZONDO,C/,C/,C/ VICENT GONZÁLEZ LIZONDO
C/ VICENT MARIN I FERRER,C/ VICENT MARIN I FERRER,C/,C/,C/ VICENT MARIN I FERRER
C/ VICENT VENTURA,C/ VICENT VENTURA,C/,C/,C/ VICENT VENTURA
C/ VICENTE ALEIXANDRE,C/ VICENT ALEIXANDRE,C/,C/,C/ VICENT ALEIXANDRE
C/ VICENTE BLASCO IBAÑEZ,C/ VICENT BLASCO IBAÑEZ,C/,C/,C/ VICENT BLASCO IBÁÑEZ
C/ VICENTE PALLARDO,C/ VICENT PALLARDO,C/,C/,C/ VICENT PALLARDÓ
C/ VILA JOIOSA,C/ VILA JOIOSA,C/,C/,C/ VILA JOIOSA
C/ VILLANUEVA DE LA REINA,C/ VILLANUEVA DE LA REINA,C/,C/,C/ VILLANUEVA DE LA REINA
C/ VILLAR DEL ARZOBISPO,C/ EL VILLAR,C/,C/,C/ EL VILLAR
C/ VIRGEN DE BEGOÑA,C/ MARE DE DEU DE BEGONYA,C/,C/,C/ MARE DE DÉU DE BEGONYA
C/ VIRGEN DE FATIMA,C/ MARE DE DEU DE FATIMA,C/,C/,C/ MARE DE DÉU DE FÀTIMA
C/ VIRGEN DE GUADALUPE,C/ MARE DE DEU DE GUADALUPE,C/,C/,C/ MARE DE DÉU DE GUADALUPE
C/ VIRGEN DE LA ASUNCION,C/ MARE DE DEU DE L'ASSUMPCIO,C/,C/,C/ MARE DE DÉU DE L'ASSUMPCIÓ
C/ VIRGEN DE LA ESPERANZA,C/ MARE DE DEU DE L'ESPERANÇA,C/,C/,C/ MARE DE DÉU DE L'ESPERANÇA
C/ VIRGEN DE LA MACARENA,C/ MARE DE DEU DE LA MACARENA,C/,C/,C/ MARE DE DÉU DE LA MACARENA
C/ VIRGEN DE LA PAZ,C/ MARE DE DEU DE LA PAU,C/,C/,C/ MARE DE DÉU DE LA PAU
C/ VIRGEN DE LA PURIFICACION,C/ MARE DE DEU DE LA PURIFICACIO,C/,C/,C/ MARE DE DÉU DE LA PURIFICACIÓ
C/ VIRGEN DE LA SOLEDAD,C/ MARE DE DEU DE LA SOLEDAT,C/,C/,C/ MARE DE DÉU DE LA SOLEDAT
C/ VIRGEN DE LAS ANGUSTIAS,C/ MARE DE DEU DE LES ANGOIXES,C/,C/,C/ MARE DE DÉU DE LES ANGOIXES
C/ VIRGEN DE LORETO,C/ MARE DE DEU DE LORETO,C/,C/,C/ MARE DE DÉU DE LORETO
C/ VIRGEN DE LOS DESAMPARADOS,C/ MARE DE DEU DELS DESEMPARATS,C/,C/,C/ MARE DE DÉU DELS DESEMPARATS
C/ VIRGEN DE LOS DOLORES,C/ MARE DE DEU DELS DOLORS,C/,C/,C/ MARE DE DÉU DELS DOLORS
C/ VIRGEN DEL CARMEN,C/ MARE DE DEU DEL CARME,C/,C/,C/ MARE DE DÉU DEL CARME
C/ VIRGEN DEL OLIVAR,C/ MARE DE DEU DE L'OLIVAR,C/,C/,C/ MARE DE DÉU DE L'OLIVAR
C/ VIRGEN DEL PILAR,C/ MARE DE DEU DEL PILAR,C/,C/,C/ MARE DE DÉU DEL PILAR
C/ VIRGEN DEL PUIG,C/ MARE DE DEU DEL PUIG,C/,C/,C/ MARE DE DÉU DEL PUIG
C/ VIRGEN DEL ROSARIO,C/ MARE DE DEU DEL ROSARI,C/,C/,C/ MARE DE DÉU DEL ROSARI
C/ WENCESLAO FDEZ FLORES,C/ WENCESLAO FERNANDEZ FLORES,C/,C/,C/ WENCESLAO FERNÁNDEZ FLORES
C/ XIPRER, DEL,C/ XIPRER,C/,C/,C/ XIPRER
C/ XIRIVELLA,C/ XIRIVELLA,C/,C/,C/ XIRIVELLA
C/ XOCOLATERS,C/ XOCOLATERS,C/,C/,C/ XOCOLATERS
C/ YECLA,C/ IECLA,C/,C/,C/ IECLA
C/ YUSTE,C/ YUSTE,C/,C/,C/ YUSTE
C/ ZARAGOZA,C/ SARAGOSSA,C/,C/,C/ SARAGOSSA
C/ ZURBARAN,C/ ZURBARAN,C/,C/,C/ ZURBARÁN
CAMINO ALCACER,CAMI ALCASSER,CAMÍ,CAMINO,CAMÍ ALCÀSSER
CAMINO ARQUETS, DELS,CAMI ARQUETS,CAMÍ,CAMINO,CAMÍ ARQUETS
CAMINO BANDERILLA, DE LA,CAMI BANDERILLA,CAMÍ,CAMINO,CAMÍ BANDERILLA
CAMINO BARBETA, DE,CAMI BARBETA,CAMÍ,CAMINO,CAMÍ BARBETA
CAMINO BARBETA, DE,CAMI BARBETA,CAMÍ,CAMINO,CAMÍ FAJARDET
CAMINO BARRANC, DEL,CAMI BARRANC,CAMÍ,CAMINO,CAMÍ BARRANC
CAMINO BARRET, DE,CAMI BARRET,CAMÍ,CAMINO,CAMÍ BARRET
CAMINO BENETUSSER, DE,CAMI BENETUSSER,CAMÍ,CAMINO,CAMÍ BENETÚSSER
CAMINO BUNYOLER, DEL,CAMI BUNYOLER,CAMÍ,CAMINO,CAMÍ BUNYOLER
CAMINO CANARIERA, DE LA,CAMI CANARIERA,CAMÍ,CAMINO,CAMÍ CANARIERA
CAMINO CANTAROS,CAMI CANTERS,CAMÍ,CAMINO,CAMÍ CÀNTERS
CAMINO CANYADA DE BARCOS, DE LA,CAMI CANYADA DE BARCOS,CAMÍ,CAMINO,CAMÍ CANYADA DE BARCOS
CAMINO CANYADA DE BIRLET, DE LA,CAMI CANYADA DE BIRLET,CAMÍ,CAMINO,CAMÍ CANYADA DE BIRLET
CAMINO CANYADA DE GODELLETA,CAMI CANYADA DE GODELLETA,CAMÍ,CAMINO,CAMÍ CANYADA DE GODELLETA
CAMINO CANYADA DE L'ALBARDER, DE LA,CAMI CANYADA DE L'ALBARDER,CAMÍ,CAMINO,CAMÍ CANYADA DE L'ALBARDER
CAMINO CANYADA DE RAFELOT, DE LA,CAMI CANYADA DE RAFELOT,CAMÍ,CAMINO,CAMÍ CANYADA DE RAFELOT
CAMINO CANYADA DEL CORRAL,CAMI CANYADA DEL CORRAL,CAMÍ,CAMINO,CAMÍ CANYADA DEL CORRAL
CAMINO CANYADES, DE LES,CAMI CANYADES,CAMÍ,CAMINO,CAMÍ CANYADES
CAMINO CARBONERS, DELS,CAMI CARBONERS,CAMÍ,CAMINO,CAMÍ CARBONERS
CAMINO CASETA BLANCA, DE LA,CAMI CASETA BLANCA,CAMÍ,CAMINO,CAMÍ CASETA BLANCA
CAMINO CASETA DE COCOTA, DE LA,CAMI CASETA DE COCOTA,CAMÍ,CAMINO,CAMÍ CASETA DE COCOTA
CAMINO CASETA DE GRILL, DE LA,CAMI CASETA DE GRILL,CAMÍ,CAMINO,CAMÍ CASETA DE GRILL
CAMINO CASETA DEL LLUSTRE, DE LA,CAMI CASETA DEL LLUSTRE,CAMÍ,CAMINO,CAMÍ CASETA DEL LLUSTRE
CAMINO CATARROJA, DE,CAMI CATARROJA,CAMÍ,CAMINO,CAMÍ CATARROJA
CAMINO CONTIENDA, DE LA,CAMI CONTIENDA,CAMÍ,CAMINO,CAMÍ CONTIENDA
CAMINO CORRAL BLANC, DEL,CAMI CORRAL BLANC,CAMÍ,CAMINO,CAMÍ CORRAL BLANC
CAMINO CORRAL DE MANYES, DEL,CAMI CORRAL DE MANYES,CAMÍ,CAMINO,CAMÍ CORRAL DE MANYES
CAMINO CORRAL DE VOLANTE, DEL,CAMI CORRAL DE VOLANTE,CAMÍ,CAMINO,CAMÍ CORRAL DE VOLANTE
CAMINO COVATELLES, DE LES,CAMI COVATELLES,CAMÍ,CAMINO,CAMÍ COVATELLES
CAMINO DE GUARDALONGA,CAMI GUARDALONGA,CAMÍ,CAMINO,CAMÍ GUARDALONGA
CAMINO ENTRADA DELS FRANXOS, DE,CAMI ENTRADA DELS FRANXOS,CAMÍ,CAMINO,CAMÍ ENTRADA DELS FRANXOS
CAMINO FACHARDET,CAMI FAJARDET,CAMÍ,CAMINO,CAMÍ FAJARDET
CAMINO FALCO,CAMI FALCO,CAMÍ,CAMINO,CAMÍ FALCÓ
CAMINO FELIPETS,CAMI FELIPETS,CAMÍ,CAMINO,CAMÍ FELIPETS
CAMINO FONT DE MANYES, DE LA,CAMÍ FONT DE MANYES,CAMÍ,CAMINO,CAMÍ FONT DE MANYES
CAMINO FONT DE SANT LLUIS, DE LA,CAMI FONT DE SANT LLUIS,CAMÍ,CAMINO,CAMÍ FONT DE SANT LLUÍS
CAMINO GILS, DELS,CAMI GILS,CAMÍ,CAMINO,CAMÍ GILS
CAMINO GUARDALONGA,CAMI GUARDALONGA,CAMÍ,CAMINO,CAMÍ GUARDALONGA
CAMINO HORNILLOS, DELS,CAMI HORNILLOS,CAMÍ,CAMINO,CAMÍ HORNILLOS
CAMINO L'ALTER (PLA), DEL,CAMI L'ALTER (PLA),CAMÍ,CAMINO,CAMÍ L'ALTER (PLA)
CAMINO L'HORT DEL POLLASTRE, DE,CAMI L'HORT DEL POLLASTRE,CAMÍ,CAMINO,CAMÍ L'HORT DEL POLLASTRE
CAMINO LLOMA DE L'ESPART, DE LA,CAMI LLOMA DE L'ESPART,CAMÍ,CAMINO,CAMÍ LLOMA DE L'ESPART
CAMINO MADRONYAL, DEL,CAMI MADRONYAL,CAMÍ,CAMINO,CAMÍ MADRONYAL
CAMINO MALA MATA, DE,CAMI MALA MATA,CAMÍ,CAMINO,CAMÍ MALA MATA
CAMINO MALA MATA, DE LA,CAMI MALA MATA,CAMÍ,CAMINO,CAMÍ MALA MATA
CAMINO MALA PUJADA, DE LA,CAMI MALA PUJADA,CAMÍ,CAMINO,CAMÍ MALA PUJADA
CAMINO MARJADELLA, DE LA,CAMI MARJADELLA,CAMÍ,CAMINO,CAMÍ MARJADELLA
CAMINO MAS DEL JUTGE, DEL,CAMI MAS DEL JUTGE,CAMÍ,CAMINO,CAMÍ MAS DEL JUTGE
CAMINO MASET NOU, DEL,CAMI MASET NOU,CAMÍ,CAMINO,CAMÍ MASET NOU
CAMINO MOLLO RODAT, DEL,CAMI MOLLO RODAT,CAMÍ,CAMINO,CAMÍ MOLLÓ RODAT
CAMINO MOLLONS, DELS,CAMI MOLLONS,CAMÍ,CAMINO,CAMÍ MOLLONS
CAMINO MORENITO, DEL,CAMI MORENITO,CAMÍ,CAMINO,CAMÍ MORENITO
CAMINO MORREDONDO, DE,CAMI MORREDONDO,CAMÍ,CAMINO,CAMÍ MORREDONDO
CAMINO MOSCA, DE LA,CAMI MOSCA,CAMÍ,CAMINO,CAMÍ MOSCA
CAMINO MOSCATELLS, DE,CAMI MOSCATELLS,CAMÍ,CAMINO,CAMÍ MOSCATELLS
CAMINO MOTOR DE SANT LLUIS, DEL,CAMI MOTOR DE SANT LLUIS,CAMÍ,CAMINO,CAMÍ MOTOR DE SANT LLUÍS
CAMINO MURTERA, DE LA,CAMI MURTERA,CAMÍ,CAMINO,CAMÍ MURTERA
CAMINO NORIA, DE LA,CAMI NORIA,CAMÍ,CAMINO,CAMÍ NÒRIA
CAMINO PANTA, DEL,CAMI PANTA,CAMÍ,CAMINO,CAMÍ PANTÀ
CAMINO PANXETA, DE,CAMI PANXETA,CAMÍ,CAMINO,CAMÍ PANXETA
CAMINO PARDALA, DE LA,CAMI PARDALA,CAMÍ,CAMINO,CAMÍ PARDALA
CAMINO PEDRERA, DE LA,CAMI PEDRERA,CAMÍ,CAMINO,CAMÍ PEDRERA
CAMINO PEDROSO, DE,CAMI PEDROSO,CAMÍ,CAMINO,CAMÍ PEDROSO
CAMINO PENYA DEL GAT, DE LA,CAMI PENYA DEL GAT,CAMÍ,CAMINO,CAMÍ PENYA DEL GAT
CAMINO PICASSENT, DE,CAMI PICASSENT,CAMÍ,CAMINO,CAMÍ PICASSENT
CAMINO PLA DE QUART, DEL,CAMI PLA DE QUART,CAMÍ,CAMINO,CAMÍ PLA DE QUART
CAMINO POCICO, DEL,CAMI POCICO,CAMÍ,CAMINO,CAMÍ POCICO
CAMINO RAFOL, DEL,CAMI RAFOL,CAMÍ,CAMINO,CAMÍ RÀFOL
CAMINO REALON,CAMI REALON,CAMÍ,CAMINO,CAMÍ REALON
CAMINO REVUELTO, DE,CAMI REVUELTO,CAMÍ,CAMINO,CAMÍ REVUELTO
CAMINO ROMERAL,CAMI ROMERAL,CAMÍ,CAMINO,CAMÍ ROMERAL
CAMINO ROSAFINA, DE,CAMI ROSAFINA,CAMÍ,CAMINO,CAMÍ ROSAFINA
CAMINO SANT DOMINGO, DE,CAMI SANT DOMINGO,CAMÍ,CAMINO,CAMÍ SANT DOMINGO
CAMINO SANT FRANCESC, DE,CAMI SANT FRANCESC,CAMÍ,CAMINO,CAMÍ SANT FRANCESC
CAMINO SANTA ANNA, DE,CAMI SANTA ANNA,CAMÍ,CAMINO,CAMÍ SANTA ANNA
CAMINO SANTONJA, DE,CAMI SANTONJA,CAMÍ,CAMINO,CAMÍ SANTONJA
CAMINO SENDA DE L'OLIER, DE LA,CAMI SENDA DE L'OLIER,CAMÍ,CAMINO,CAMÍ SENDA DE L'OLIER
CAMINO SERRA, DE LA,CAMI SERRA,CAMÍ,CAMINO,CAMÍ SERRA
CAMINO TIZON, DE,CAMI TIZON,CAMÍ,CAMINO,CAMÍ TIZÓN
CAMINO TOLL, DEL,CAMI TOLL,CAMÍ,CAMINO,CAMÍ TOLL
CAMINO TRAVESSA DE LA FOIA, DE LA,CAMI TRAVESSA DE LA FOIA,CAMÍ,CAMINO,CAMÍ TRAVESSA DE LA FOIA
CAMINO TRAVESSA DEL MADRONYAL, DE LA,CAMI TRAVESSA DEL MADRONYAL,CAMÍ,CAMINO,CAMÍ TRAVESSA DEL MADRONYAL
CAMINO TRESOR, DEL,CAMI TRESOR,CAMÍ,CAMINO,CAMÍ TRESOR
CAMINO VELL D'ALAQUAS,CAMI VELL D'ALAQUAS,CAMÍ,CAMINO,CAMÍ VELL D'ALAQUÀS
CAMINO VELL DE MONTSERRAT,CAMI VELL DE MONTSERRAT,CAMÍ,CAMINO,CAMÍ VELL DE MONTSERRAT
CAMINO VELL DE VALENCIA,CAMI VELL DE VALENCIA,CAMÍ,CAMINO,CAMÍ VELL DE VALÈNCIA
CAMINO VEREDA, DE LA,CAMI VEREDA,CAMÍ,CAMINO,CAMÍ VEREDA
CAMINO XARCOS SECS,CAMI XARCOS SECS,CAMÍ,CAMINO,CAMÍ XARCOS SECS
CAMINO XITELL, DE,CAMI XITELL,CAMÍ,CAMINO,CAMÍ XITELL
CAMINO XIVA, DE,CAMI XIVA,CAMÍ,CAMINO,CAMÍ XIVA
CR MAS DEL JUTGE,CR MAS DEL JUTGE,CR,CR,CR MAS DEL JUTGE
CR MONSERRAT-REAL DE MONTROY,CR MONTSERRAT-REAL,CR,CR,CR MONTSERRAT-REAL
CR PICANYA,CR PICANYA,CR,CR,CR PICANYA
PD CARRASQUERA,PD CARRASQUERA,PD,PD,PD CARRASQUERA
PG/ ROSALES,PG/ ROSERS,PG/,PG/,PG/ ROSERS
PJ/ SAN JUAN,PG/ SANT JOAN,PJ/,PG/,PG/ SANT JOAN
PL LLIBERTAT,DE LA,PL LLIBERTAT,PZ,PL,PL LLIBERTAT
PL UNION MUSICAL DE TORRENT,PL UNIO MUSICAL DE TORRENT,PL,PL,PL UNIÓ MUSICAL DE TORRENT
PL/ AMERICA,PL/ AMERICA,PL/,PL/,PL/ AMÈRICA
PL/ DOMINICAL,PL/ DOMINICAL,PL/,PL/,PL/ DOMINICAL
PL/ FERNANDO CHULIA,PL/ FERNANDO CHULIA,PL/,PL/,PL/ FERNANDO CHULIÀ
PL/ FUENTES, LAS,PL/ FONTS,PL/,PL/,PL/ FONTS
PL/ HIEDRA, DE LA,PL/ HEURA,PL/,PL/,PL/ HEURA
PL/ LA ERA,PL/ ERA,PL/,PL/,PL/ ERA
PL/ LA TORRENTINA,PL/ LA TORRENTINA,PL/,PL/,PL/ LA TORRENTINA
PL/ MAESTRO GINER,PL/ MESTRE GINER,PL/,PL/,PL/ MESTRE GINER
PL/ OBISPO BENLLOCH,PL/ BISBE BENLLOCH,PL/,PL/,PL/ BISBE BENLLOCH
PL/ PARE TOMAS ROCA,PL/ PARE TOMAS ROCA,PL/,PL/,PL/ PARE TOMÀS ROCA
PL/ PEDRO ITURRALDE OCHOA,PL/ PEDRO ITURRALDE OCHOA,PL/,PL/,PL/ PEDRO ITURRALDE OCHOA
PL/ SAN JAIME,PL/ SANT JAUME,PL/,PL/,PL/ SANT JAUME
PL/ SAN PASCUAL,PL/ SANT PASQUAL,PL/,PL/,PL/ SANT PASQUAL
PL/ SAN ROQUE,PL/ SANT ROC,PL/,PL/,PL/ SANT ROC
PL/ VIRGEN DEL SOCORRO,PL/ MARE DE DEU DELS SOCORS,PL/,PL/,PL/ MARE DE DÉU DELS SOCORS
PTGE/ ENRIQUE RAMBAL,PTGE/ ENRIQUE RAMBAL,PTGE/,PTGE/,PTGE/ ENRIQUE RAMBAL
PZ COLON,PZ COLOM,PZ,PZ,PZ COLOM
PZ CONCORDIA, DE LA,PZ CONCORDIA,PZ,PZ,PZ CONCÒRDIA
PZ CORTS VALENCIANES, DE LES,PZ CORTS VALENCIANES,PZ,PZ,PZ CORTS VALENCIANES
PZ MAYOR,PZ MAJOR,PZ,PZ,PZ MAJOR
PZ MOTA,PZ MOTA,PZ,PZ,PZ MOTA
PZ SANTA LUCIA,PZ SANTA LLUCIA,PZ,PZ,PZ SANTA LLÚCIA
SD FOYETA, LA,SD FOIETA,SD,SD,SD FOIETA
TR ALBAIDA,TR ALBAIDA,TR,TR,TR ALBAIDA
TR ALCUDIA CARLET,TR ALCUDIA,TR,TR,TR ALCÚDIA
TR ALTA,TR ALT,TR,TR,TR ALT
TR BAJA,TR BAIX,TR,TR,TR BAIX
TR BARRACHINA,TR BARRACHINA,TR,TR,TR BARRACHINA
TR CAMPOAMOR,TR CAMPOAMOR,TR,TR,TR CAMPOAMOR
TR DOCTOR BARTUAL,TR DOCTOR BARTUAL,TR,TR,TR DOCTOR BARTUAL
TR DON JUAN ARTAL,TR JUAN ARTAL,TR,TR,TR JUAN ARTAL
TR GUILLEN DE CASTRO,TR GUILLEM DE CASTRO,TR,TR,TR GUILLEM DE CASTRO
TR JAZMIN, DEL,TR GESMILER,TR,TR,TR GESMILER
TR JOAQUIN COSTA,TR JOAQUIM COSTA,TR,TR,TR JOAQUIM COSTA
TR PABLO NERUDA,TR PABLO NERUDA,TR,TR,TR PABLO NERUDA
TR PINTOR PEDRO CAMARA 1,TR PINTOR PEDRO CAMARA 1,TR,TR,TR PINTOR PEDRO CÁMARA 1
TR PINTOR PEDRO CAMARA 3,TR PINTOR PEDRO CAMARA 3,TR,TR,TR PINTOR PEDRO CÁMARA 3
TR ROSENDO MONTORO,TR ROSENDO MONTORO,TR,TR,TR ROSENDO MONTORO
TR SAN GERARDO,TR SANT GERARD,TR,TR,TR SANT GERARD
TULIPA, DE LA,TULIPA,C/,C/,C/ TULIPA
UR CAMPING,UR CAMPING,UR,UR,UR CÀMPING
